Platform,Subject,Category/Unit,Module/Topic,Rating,MCQs
Marrow,Anatomy,EMBRYOLOGY,Gametogenesis,4.5,19
Marrow,Anatomy,EMBRYOLOGY,Pre-Embryonic Phase of Development,4.5,13
Marrow,Anatomy,EMBRYOLOGY,Embryonic Phase of Development,4.5,16
Marrow,Anatomy,EMBRYOLOGY,"Placenta, Fetal Membranes and Twinning",4.5,14
Marrow,Anatomy,EMBRYOLOGY,"Pharyngeal arches, Skeletal & Muscular Systems",4.5,24
Marrow,Anatomy,EMBRYOLOGY,Cardiovascular and Respiratory Systems,4.5,25
Marrow,Anatomy,EMBRYOLOGY,"Alimentary, Hepatobiliary systems, Pancreas and Spleen",4.5,21
Marrow,Anatomy,EMBRYOLOGY,"Face, Nose & Palate, Eye, Ear",4.5,14
Marrow,Anatomy,EMBRYOLOGY,Nervous System and Endocrine Glands,4.5,18
Marrow,Anatomy,EMBRYOLOGY,Urogenital System,4.5,19
Marrow,Anatomy,HISTOLOGY,"Cell Structure, Epithelia, Glands & Connective Tissue",4.4,26
Marrow,Anatomy,HISTOLOGY,"Bone, Cartilage & Muscular Tissue",4.4,15
Marrow,Anatomy,HISTOLOGY,Nervous and Endocrine Systems,4.5,13
Marrow,Anatomy,HISTOLOGY,"Cardiovascular, Lymphatic and Respiratory Systems",4.4,11
Marrow,Anatomy,HISTOLOGY,"Digestive, Hepatobiliary & Genitourinary Systems",4.5,22
Marrow,Anatomy,HISTOLOGY,"Skin & Special Senses, Eye and Ear",4.5,17
Marrow,Anatomy,NEUROANATOMY,Cranial Nerves,4.4,21
Marrow,Anatomy,NEUROANATOMY,Meninges and dural venous sinuses,4.4,11
Marrow,Anatomy,NEUROANATOMY,Ventricular System and Subarachnoid Space,4.5,17
Marrow,Anatomy,NEUROANATOMY,Cerebrum,4.4,7
Marrow,Anatomy,NEUROANATOMY,White Matter of the Brain,4.5,16
Marrow,Anatomy,NEUROANATOMY,Basal Ganglia and Limbic System,4.4,6
Marrow,Anatomy,NEUROANATOMY,Diencephalon,4.4,12
Marrow,Anatomy,NEUROANATOMY,Brainstem,4.4,14
Marrow,Anatomy,NEUROANATOMY,Cerebellum,4.5,14
Marrow,Anatomy,NEUROANATOMY,Vascular supply of Brain,4.5,20
Marrow,Anatomy,NEUROANATOMY,Spinal Cord,4.4,15
Marrow,Anatomy,HEAD AND NECK,"Osteology, Scalp and Face",4.5,27
Marrow,Anatomy,HEAD AND NECK,Deep fascia and Triangles of the neck,4.4,15
Marrow,Anatomy,HEAD AND NECK,"Muscles, Neurovascular Anatomy of Head & Neck",4.5,24
Marrow,Anatomy,HEAD AND NECK,Glands of the Head and Neck,4.5,24
Marrow,Anatomy,HEAD AND NECK,Tongue and Palate,4.6,12
Marrow,Anatomy,HEAD AND NECK,Pharynx,4.6,9
Marrow,Anatomy,HEAD AND NECK,Larynx,4.5,17
Marrow,Anatomy,UPPER LIMB,Upper Limb Bones and Joints,4.5,22
Marrow,Anatomy,UPPER LIMB,Fossae and Spaces of the Upper Limb,4.5,15
Marrow,Anatomy,UPPER LIMB,Breast,4.5,7
Marrow,Anatomy,UPPER LIMB,Brachial Plexus and Nerves,4.4,31
Marrow,Anatomy,UPPER LIMB,Muscles - Upper Limb,4.4,23
Marrow,Anatomy,UPPER LIMB,Vessels-Upper limb,4.4,16
Marrow,Anatomy,THORAX,General Anatomy of Thorax,4.5,15
Marrow,Anatomy,THORAX,Thoracic Wall,4.5,21
Marrow,Anatomy,THORAX,Mediastinum,4.5,13
Marrow,Anatomy,THORAX,Diaphragm,4.5,9
Marrow,Anatomy,THORAX,Heart,4.5,33
Marrow,Anatomy,THORAX,Lungs and Pleura,4.4,23
Marrow,Anatomy,ABDOMEN AND PELVIS,Anterior Abdominal Wall,4.4,12
Marrow,Anatomy,ABDOMEN AND PELVIS,Abdominal cavity and Peritoneum,4.5,11
Marrow,Anatomy,ABDOMEN AND PELVIS,GI Tract,4.4,17
Marrow,Anatomy,ABDOMEN AND PELVIS,"Hepatobiliary system, Spleen & Pancreas",4.4,23
Marrow,Anatomy,ABDOMEN AND PELVIS,KUB & Adrenal Gland,4.4,25
Marrow,Anatomy,ABDOMEN AND PELVIS,Internal and external genitalia,4.4,22
Marrow,Anatomy,ABDOMEN AND PELVIS,Pelvis & Perineum,4.4,20
Marrow,Anatomy,LOWER LIMB,Bones of the Lower Limb,4.5,15
Marrow,Anatomy,LOWER LIMB,Joints of the Lower Limb,4.4,18
Marrow,Anatomy,LOWER LIMB,Muscles of the Lower Limb,4.5,23
Marrow,Anatomy,LOWER LIMB,Nerves & Vessels of Lower Limb,4.5,21
Marrow,Anatomy,LOWER LIMB,Important Structures of Lower Limb,4.5,19
Marrow,Anatomy,BACK,Vertebral Column,4.4,14
Marrow,Anatomy,GENERAL ANATOMY,"Bones, Joints and Cartilage",4.5,30
Marrow,Anatomy,GENERAL ANATOMY,Muscles and Tendons,4.4,16
Marrow,Anatomy,GENERAL ANATOMY,"Cardiovascular, Lymphatic and Nervous Systems",4.5,20
Marrow,Anatomy,GENERAL ANATOMY,"Skin, Connective Tissue and Ligaments",4.4,13
Marrow,Physiology,GENERAL PHYSIOLOGY,Homeostasis and cellular physiology,4.4,21
Marrow,Physiology,GENERAL PHYSIOLOGY,Cellular messengers & Receptors,4.4,21
Marrow,Physiology,GENERAL PHYSIOLOGY,Transport Across Cell Membrane,4.5,24
Marrow,Physiology,GENERAL PHYSIOLOGY,Membrane Potentials,4.4,14
Marrow,Physiology,GENERAL PHYSIOLOGY,Body Fluids,4.5,28
Marrow,Physiology,NERVE MUSCLE PHYSIOLOGY,Physiology of Nerve,4.5,34
Marrow,Physiology,NERVE MUSCLE PHYSIOLOGY,Muscle Physiology I,4.5,35
Marrow,Physiology,NERVE MUSCLE PHYSIOLOGY,Muscle Physiology II,4.5,14
Marrow,Physiology,NERVE MUSCLE PHYSIOLOGY,Synapse and Junctional Transmission,4.4,27
Marrow,Physiology,CENTRAL NERVOUS SYSTEM,Neurotransmitters,4.4,17
Marrow,Physiology,CENTRAL NERVOUS SYSTEM,Sensory Receptors,4.5,21
Marrow,Physiology,CENTRAL NERVOUS SYSTEM,Somatosensory Pathways,4.5,22
Marrow,Physiology,CENTRAL NERVOUS SYSTEM,Special Senses,4.5,21
Marrow,Physiology,CENTRAL NERVOUS SYSTEM,Motor Physiology - 1,4.4,38
Marrow,Physiology,CENTRAL NERVOUS SYSTEM,Motor Physiology - 2,4.4,20
Marrow,Physiology,CENTRAL NERVOUS SYSTEM,Basal Ganglia and Cerebellum,4.5,20
Marrow,Physiology,CENTRAL NERVOUS SYSTEM,Hypothalamus and Limbic System,4.4,13
Marrow,Physiology,CENTRAL NERVOUS SYSTEM,Higher Mental Functions,4.5,29
Marrow,Physiology,THE RESPIRATORY SYSTEM,Functional Anatomy,4.6,13
Marrow,Physiology,THE RESPIRATORY SYSTEM,Lung Mechanics,4.5,18
Marrow,Physiology,THE RESPIRATORY SYSTEM,Alveolar Gas Exchange,4.5,15
Marrow,Physiology,THE RESPIRATORY SYSTEM,Gas Transport in Blood,4.5,20
Marrow,Physiology,THE RESPIRATORY SYSTEM,Lung Volumes and Lung Function Tests,4.5,18
Marrow,Physiology,THE RESPIRATORY SYSTEM,"Respiratory Adaptations in Hypoxia, Anemia and with Pressure Changes",4.6,14
Marrow,Physiology,THE RESPIRATORY SYSTEM,Regulation of Respiration,4.5,30
Marrow,Physiology,THE CARDIOVASCULAR SYSTEM,Vascular System and Regional Circulation I,4.5,18
Marrow,Physiology,THE CARDIOVASCULAR SYSTEM,Vascular System and Regional Circulation II,4.5,21
Marrow,Physiology,THE CARDIOVASCULAR SYSTEM,Cardiac Cycle and Cardiac Output,4.5,27
Marrow,Physiology,THE CARDIOVASCULAR SYSTEM,Electrophysiology of the Heart,4.5,22
Marrow,Physiology,THE CARDIOVASCULAR SYSTEM,Blood Pressure and Regulation,4.5,29
Marrow,Physiology,THE GASTROINTESTINAL TRACT,Gastrointestinal Secretion and Gastrointestinal Hormones,4.5,30
Marrow,Physiology,THE GASTROINTESTINAL TRACT,Digestion & Absorption,4.5,32
Marrow,Physiology,THE GASTROINTESTINAL TRACT,GI Peristalsis and Motility,4.5,25
Marrow,Physiology,RENAL PHYSIOLOGY,"Glomerular Filtration Rate, Renal Blood Flow, and Renal Clearance",4.5,35
Marrow,Physiology,RENAL PHYSIOLOGY,"Renal Tubular Functions, Urine Concentration and Dilution",4.4,32
Marrow,Physiology,RENAL PHYSIOLOGY,"Acid-Base Balance, Renal Hormones and Micturition Reflex",4.5,25
Marrow,Physiology,ENDOCRINE PHYSIOLOGY,Pituitary and Thyroid,4.5,24
Marrow,Physiology,ENDOCRINE PHYSIOLOGY,The Pancreas,4.5,25
Marrow,Physiology,ENDOCRINE PHYSIOLOGY,The Adrenals,4.5,21
Marrow,Physiology,ENDOCRINE PHYSIOLOGY,Calcium Homeostasis,4.5,25
Marrow,Physiology,REPRODUCTIVE PHYSIOLOGY,Male Reproductive Physiology,4.5,28
Marrow,Physiology,REPRODUCTIVE PHYSIOLOGY,Female Reproductive Physiology,4.5,30
Marrow,Physiology,EXERCISE PHYSIOLOGY,Exercise Physiology,4.5,16
Marrow,Biochemistry,CARBOHYDRATES,"Chemistry of Carbohydrates, Amino sugars and Mucopolysaccharides",4.5,22
Marrow,Biochemistry,CARBOHYDRATES,Glycolysis and gluconeogenesis,4.5,30
Marrow,Biochemistry,CARBOHYDRATES,Glycogen metabolism and glycogen storage disorders,4.5,20
Marrow,Biochemistry,CARBOHYDRATES,"HMP shunt pathway, Fructose , Galactose metabolism",4.5,11
Marrow,Biochemistry,CARBOHYDRATES,ETC and bioenergetics,4.5,18
Marrow,Biochemistry,CARBOHYDRATES,Krebs Cycle,4.5,20
Marrow,Biochemistry,AMINO ACIDS AND PROTEINS,Amino acids: Basics,4.5,27
Marrow,Biochemistry,AMINO ACIDS AND PROTEINS,Amino acid: Metabolism,4.5,23
Marrow,Biochemistry,AMINO ACIDS AND PROTEINS,Amino acid: Metabolic disorder,4.5,28
Marrow,Biochemistry,AMINO ACIDS AND PROTEINS,Protein structure and function,4.4,33
Marrow,Biochemistry,AMINO ACIDS AND PROTEINS,Urea cycle and its disorders,4.5,14
Marrow,Biochemistry,LIPIDS,Lipids: Basics,4.5,14
Marrow,Biochemistry,LIPIDS,Fatty acid oxidation and ketogenesis,4.5,20
Marrow,Biochemistry,LIPIDS,Biosynthesis of fatty acids and Eicosanoids,4.4,23
Marrow,Biochemistry,LIPIDS,Metabolism of Acylglycerols and Sphingolipids,4.5,24
Marrow,Biochemistry,LIPIDS,"Cholesterol Synthesis, Transport and Excretion",4.5,21
Marrow,Biochemistry,ENZYMES AND PORPHYRINS,Porphyrins and bile pigments,4.4,24
Marrow,Biochemistry,ENZYMES AND PORPHYRINS,Enzymes - Mechanism of Action & Clinical Importance,4.4,19
Marrow,Biochemistry,ENZYMES AND PORPHYRINS,Enzyme Kinetics and Regulation of Activity,4.4,20
Marrow,Biochemistry,CLINICAL BIOCHEMISTRY & NUTRITION,Fat soluble vitamins,4.5,17
Marrow,Biochemistry,CLINICAL BIOCHEMISTRY & NUTRITION,Energy releasing vitamins,4.5,20
Marrow,Biochemistry,CLINICAL BIOCHEMISTRY & NUTRITION,Hematopoietic and other vitamins,4.5,13
Marrow,Biochemistry,CLINICAL BIOCHEMISTRY & NUTRITION,Antioxidants & Minerals,4.4,14
Marrow,Biochemistry,GENETICS,Basics of genetics - Nucleotide metabolism and its disorders,4.5,17
Marrow,Biochemistry,GENETICS,"DNA organization, replication and repair",4.5,28
Marrow,Biochemistry,GENETICS,"RNA synthesis, processing and modification",4.4,22
Marrow,Biochemistry,GENETICS,Regulation of gene expression,4.4,12
Marrow,Biochemistry,GENETICS,"Molecular genetics, recombinant DNA & genomic technology",4.4,27
Marrow,Pharmacology,GENERAL PHARMACOLOGY,Pharmacokinetics,4.5,25
Marrow,Pharmacology,GENERAL PHARMACOLOGY,Pharmacodynamics,4.5,28
Marrow,Pharmacology,GENERAL PHARMACOLOGY,Clinical Trials and Miscellaneous,4.5,22
Marrow,Pharmacology,GENERAL PHARMACOLOGY,Pharmacokinetics - Calculations,4.4,12
Marrow,Pharmacology,AUTONOMIC NERVOUS SYSTEM,ANS Introduction & Parasympathomimetics,4.5,17
Marrow,Pharmacology,AUTONOMIC NERVOUS SYSTEM,Sympathomimetics,4.5,26
Marrow,Pharmacology,AUTONOMIC NERVOUS SYSTEM,Parasympatholytics,4.5,24
Marrow,Pharmacology,AUTONOMIC NERVOUS SYSTEM,Sympatholytics,4.5,23
Marrow,Pharmacology,AUTONOMIC NERVOUS SYSTEM,Drugs for Glaucoma,4.5,22
Marrow,Pharmacology,CARDIOVASCULAR SYSTEM,Anti-Anginal Drugs,4.5,20
Marrow,Pharmacology,CARDIOVASCULAR SYSTEM,Heart Failure Drugs,4.5,21
Marrow,Pharmacology,CARDIOVASCULAR SYSTEM,Antihypertensive Drugs,4.5,26
Marrow,Pharmacology,CARDIOVASCULAR SYSTEM,Diuretics,4.5,23
Marrow,Pharmacology,CARDIOVASCULAR SYSTEM,Anti-Arrythmic Drugs,4.4,23
Marrow,Pharmacology,CARDIOVASCULAR SYSTEM,Hypolipidemic Drugs,4.5,11
Marrow,Pharmacology,CARDIOVASCULAR SYSTEM,Renin-Angiotensin-Aldosterone System,4.5,11
Marrow,Pharmacology,CARDIOVASCULAR SYSTEM,Anti-diuretics,4.4,9
Marrow,Pharmacology,CENTRAL AND PERIPHERAL NERVOUS SYSTEM,Sedatives and Hypnotics,4.5,14
Marrow,Pharmacology,CENTRAL AND PERIPHERAL NERVOUS SYSTEM,Anti-epileptics I,4.5,27
Marrow,Pharmacology,CENTRAL AND PERIPHERAL NERVOUS SYSTEM,Anti-epileptics II,4.5,25
Marrow,Pharmacology,CENTRAL AND PERIPHERAL NERVOUS SYSTEM,Anti-psychotics,4.4,21
Marrow,Pharmacology,CENTRAL AND PERIPHERAL NERVOUS SYSTEM,Anti-manic Drugs,4.4,14
Marrow,Pharmacology,CENTRAL AND PERIPHERAL NERVOUS SYSTEM,Drugs for Parkinson’s Disease,4.4,16
Marrow,Pharmacology,CENTRAL AND PERIPHERAL NERVOUS SYSTEM,Antidepressant and Antianxiety Drugs,4.4,26
Marrow,Pharmacology,CENTRAL AND PERIPHERAL NERVOUS SYSTEM,Opioids - Functions and Classification,4.5,20
Marrow,Pharmacology,CENTRAL AND PERIPHERAL NERVOUS SYSTEM,Synthetic Opioids,4.5,25
Marrow,Pharmacology,CENTRAL AND PERIPHERAL NERVOUS SYSTEM,Opioid Antagonists,4.6,13
Marrow,Pharmacology,CENTRAL AND PERIPHERAL NERVOUS SYSTEM,Alcohols,4.4,11
Marrow,Pharmacology,CENTRAL AND PERIPHERAL NERVOUS SYSTEM,Drugs for Alzheimer's Disease and Other Neurodegenerative Disorders,4.4,11
Marrow,Pharmacology,ANTIMICROBIALS,General Principles of Antimicrobial Therapy,4.4,12
Marrow,Pharmacology,ANTIMICROBIALS,Antimalarial Drugs,4.5,17
Marrow,Pharmacology,ANTIMICROBIALS,"Sulfonamides , Quinolones and Urinary antiseptics",4.5,23
Marrow,Pharmacology,ANTIMICROBIALS,Antimicrobials Acting on 30s Subunit,4.4,23
Marrow,Pharmacology,ANTIMICROBIALS,Antimicrobials Acting on 50s Subunit,4.5,15
Marrow,Pharmacology,ANTIMICROBIALS,Antiretroviral Drugs,4.5,26
Marrow,Pharmacology,ANTIMICROBIALS,Penicillins,4.6,19
Marrow,Pharmacology,ANTIMICROBIALS,"Cephalosporins, Vancomycin and Carbapenems",4.6,18
Marrow,Pharmacology,ANTIMICROBIALS,Miscellaneous Antimicrobials,4.5,11
Marrow,Pharmacology,ANTIMICROBIALS,Anti-Protozoal agents and Anthelmintic drugs,4.4,24
Marrow,Pharmacology,ANTIMICROBIALS,Antifungal Agents,4.5,25
Marrow,Pharmacology,ANTIMICROBIALS,First Line Drugs for Tuberculosis,4.5,21
Marrow,Pharmacology,ANTIMICROBIALS,Second Line Drugs for Tuberculosis,4.5,10
Marrow,Pharmacology,ANTIMICROBIALS,Anti-leprosy drugs,4.5,11
Marrow,Pharmacology,ANTIMICROBIALS,Anti-virals (Non-retroviral),4.4,17
Marrow,Pharmacology,ENDOCRINE SYSTEM,Hypothalamus and Pituitary,4.4,11
Marrow,Pharmacology,ENDOCRINE SYSTEM,Thyroid and Antithyroid Agents,4.4,12
Marrow,Pharmacology,ENDOCRINE SYSTEM,Corticosteroids,4.4,21
Marrow,Pharmacology,ENDOCRINE SYSTEM,Osteoporosis and Calcium Metabolism,4.5,16
Marrow,Pharmacology,ENDOCRINE SYSTEM,Anti-Diabetic Drugs - Oral,4.5,18
Marrow,Pharmacology,ENDOCRINE SYSTEM,Anti-Diabetic Drugs - Injectable,4.5,19
Marrow,Pharmacology,ENDOCRINE SYSTEM,"OCPs, Estrogens and Progestins",4.5,25
Marrow,Pharmacology,ENDOCRINE SYSTEM,Androgens and Drugs for Erectile Dysfunction,4.5,9
Marrow,Pharmacology,ENDOCRINE SYSTEM,Drugs Acting on Uterus,4.4,10
Marrow,Pharmacology,AUTACOIDS,NSAIDs,4.4,17
Marrow,Pharmacology,AUTACOIDS,Antimigraine and Antigout drugs,4.5,16
Marrow,Pharmacology,AUTACOIDS,Anti-rheumatoid drugs,4.6,10
Marrow,Pharmacology,AUTACOIDS,Anti-histamines,4.4,11
Marrow,Pharmacology,HEMATOLOGY,"Antiplatelets, Fibrinolytics and Antifibrinolytics",4.4,16
Marrow,Pharmacology,HEMATOLOGY,Hematinics,4.4,13
Marrow,Pharmacology,HEMATOLOGY,Anticoagulants,4.5,32
Marrow,Pharmacology,RESPIRATORY SYSTEM,Respiratory System,4.5,30
Marrow,Pharmacology,GASTROINTESTINAL DRUGS,Acid Peptic Disorders and Inflammatory Bowel Disease,4.5,21
Marrow,Pharmacology,GASTROINTESTINAL DRUGS,Anti-emetics and Drugs Affecting Gastrointestinal Motility,4.4,26
Marrow,Pharmacology,ANTI-NEOPLASTIC AGENTS,Cell Cycle Specific Cytotoxic Drugs,4.5,27
Marrow,Pharmacology,ANTI-NEOPLASTIC AGENTS,Non Cell Cycle Specific Cytotoxic Drugs,4.5,25
Marrow,Pharmacology,ANTI-NEOPLASTIC AGENTS,Monoclonal Antibodies,4.5,23
Marrow,Pharmacology,ANTI-NEOPLASTIC AGENTS,"Interleukins, Growth Factors and Targeted Therapies",4.4,29
Marrow,Microbiology,GENERAL MICROBIOLOGY,General Microbiology,4.5,23
Marrow,Microbiology,IMMUNOLOGY,Components of Immune system,4.4,22
Marrow,Microbiology,IMMUNOLOGY,Structure and Functions of the Immune System & Immune Response,4.4,20
Marrow,Microbiology,IMMUNOLOGY,Hypersensitivity,4.5,13
Marrow,Microbiology,IMMUNOLOGY,Immune Disorders,4.4,11
Marrow,Microbiology,BACTERIOLOGY,Streptococci and Enterococci,4.5,20
Marrow,Microbiology,BACTERIOLOGY,Staphylococci,4.6,15
Marrow,Microbiology,BACTERIOLOGY,"Corynebacterium, Listeria and Actinomyces",4.5,20
Marrow,Microbiology,BACTERIOLOGY,Clostridium and Bacillus,4.5,21
Marrow,Microbiology,BACTERIOLOGY,Mycobacteria Tuberculosis,4.4,13
Marrow,Microbiology,BACTERIOLOGY,Other Mycobacteria,4.5,11
Marrow,Microbiology,BACTERIOLOGY,"Escherichia, Proteus and Klebsiella",4.5,16
Marrow,Microbiology,BACTERIOLOGY,Shigella and Salmonella,4.5,14
Marrow,Microbiology,BACTERIOLOGY,Vibrio and Campylobacterales,4.5,23
Marrow,Microbiology,BACTERIOLOGY,Pseudomonas and Burkholderiales,4.5,15
Marrow,Microbiology,BACTERIOLOGY,Haemophilus,4.6,12
Marrow,Microbiology,BACTERIOLOGY,"Miscellaneous Bacteria - Yersinia, Brucella, Bartonella, Legionella",4.4,22
Marrow,Microbiology,BACTERIOLOGY,Gram Negative Cocci,4.4,17
Marrow,Microbiology,BACTERIOLOGY,"Rickettsia, Chlamydia and Mycoplasma",4.5,22
Marrow,Microbiology,BACTERIOLOGY,Spirochetes,4.5,20
Marrow,Microbiology,VIROLOGY,General Properties of Viruses,4.4,15
Marrow,Microbiology,VIROLOGY,DNA Viruses,4.5,24
Marrow,Microbiology,VIROLOGY,Hepatitis,4.5,23
Marrow,Microbiology,HIV,HIV,4.4,11
Marrow,Microbiology,HIV,Myxoviruses and Rhabdoviruses,4.5,17
Marrow,Microbiology,HIV,Arboviruses and Picorna Viruses,4.4,19
Marrow,Microbiology,HIV,"Miscellaneous Viruses - Rubella, Coronaviruses, Prions, Rotavirus, Filovirus, Zika Virus and Nipah Virus",4.5,16
Marrow,Microbiology,MYCOLOGY,Superficial and Systemic Mycoses,4.5,20
Marrow,Microbiology,MYCOLOGY,Opportunistic Mycoses,4.6,13
Marrow,Microbiology,PARASITOLOGY,General Parasitology,4.5,15
Marrow,Microbiology,PARASITOLOGY,"Protozoology - Amoebae, Ciliates & Flagellates",4.5,22
Marrow,Microbiology,PARASITOLOGY,Protozoology - Sporozoa,4.6,15
Marrow,Microbiology,PARASITOLOGY,Helminthology - Cestodes & Trematodes,4.5,17
Marrow,Microbiology,PARASITOLOGY,Helminthology - Nematodes,4.6,22
Marrow,Microbiology,APPLIED MICROBIOLOGY,Applied Microbiology,4.4,15
Marrow,Pathology,GENERAL PATHOLOGY,"Cellular Genetics, Adaptations and Injury",4.6,22
Marrow,Pathology,GENERAL PATHOLOGY,Cell Death,4.5,24
Marrow,Pathology,GENERAL PATHOLOGY,"Intracellular Accumulations, Pathological Calcification and Cellular Ageing",4.5,15
Marrow,Pathology,GENERAL PATHOLOGY,Acute Inflammation,4.5,24
Marrow,Pathology,GENERAL PATHOLOGY,Inflammatory Mediators and Granulomatous Inflammation,4.5,23
Marrow,Pathology,GENERAL PATHOLOGY,Tissue Repair,4.5,11
Marrow,Pathology,GENERAL PATHOLOGY,Disorders of Hemodynamics and Hemostasis,4.5,20
Marrow,Pathology,GENERAL PATHOLOGY,Modes of Inheritance,4.4,22
Marrow,Pathology,GENERAL PATHOLOGY,Lysosomal and Glycogen Storage Diseases,4.6,16
Marrow,Pathology,GENERAL PATHOLOGY,Chromosomal Disorders and Other Genetic Disorders,4.5,21
Marrow,Pathology,GENERAL PATHOLOGY,Characteristics of Neoplasms and Epidemiology,4.5,18
Marrow,Pathology,GENERAL PATHOLOGY,Molecular Basis of Cancer and Tumor Immunity,4.5,28
Marrow,Pathology,GENERAL PATHOLOGY,"Carcinogenesis, Paraneoplastic Syndromes and Tumor Markers",4.5,28
Marrow,Pathology,GENERAL PATHOLOGY,Components of Immune System,4.5,20
Marrow,Pathology,GENERAL PATHOLOGY,Hypersensitivity and Autoimmunity,4.5,14
Marrow,Pathology,GENERAL PATHOLOGY,Immunodeficiency Syndromes,4.4,22
Marrow,Pathology,GENERAL PATHOLOGY,Amyloidosis and Graft Rejection,4.5,19
Marrow,Pathology,HEMATOLOGY,Microcytic Anemia,4.5,16
Marrow,Pathology,HEMATOLOGY,Normocytic And Macrocytic Anemia,4.5,19
Marrow,Pathology,HEMATOLOGY,Basics of Hemolysis and Intravascular Hemolysis,4.5,14
Marrow,Pathology,HEMATOLOGY,Extravascular Hemolysis,4.5,28
Marrow,Pathology,HEMATOLOGY,G6PD deficiency and Autoimmune Hemolytic Anemias,4.5,11
Marrow,Pathology,HEMATOLOGY,Platelet Disorders,4.5,24
Marrow,Pathology,HEMATOLOGY,Coagulation Pathway Disorders,4.5,16
Marrow,Pathology,HEMATOLOGY,Blood Products and Transfusion Reactions,4.6,13
Marrow,Pathology,HEMATOLOGY,Acute Lymphocytic Leukemia (ALL),4.4,16
Marrow,Pathology,HEMATOLOGY,Acute Myeloid Leukemia (AML),4.5,21
Marrow,Pathology,HEMATOLOGY,Hodgkin's Lymphoma,4.5,22
Marrow,Pathology,HEMATOLOGY,Non Hodgkin Lymphomas: General Considerations,4.6,8
Marrow,Pathology,HEMATOLOGY,Non Hodgkin Lymphomas: Low Grade,4.5,27
Marrow,Pathology,HEMATOLOGY,Non Hodgkin Lymphomas: High Grade,4.5,16
Marrow,Pathology,HEMATOLOGY,Multiple Myeloma and Plasma Cell Disorders,4.5,32
Marrow,Pathology,HEMATOLOGY,"Myelodysplastic Syndrome, Myeloproliferative Syndromes and Histiocytosis",4.4,29
Marrow,Pathology,HEMATOLOGY,"Leukopenia, Leukocytosis and Lymphadenitis",4.4,17
Marrow,Pathology,CARDIOVASCULAR SYSTEM,Hypertensive Vascular Disease and Atherosclerosis,4.5,20
Marrow,Pathology,CARDIOVASCULAR SYSTEM,Aneurysm and Dissection,4.4,11
Marrow,Pathology,CARDIOVASCULAR SYSTEM,Vasculitis,4.5,19
Marrow,Pathology,CARDIOVASCULAR SYSTEM,Vascular Tumors,4.5,14
Marrow,Pathology,CARDIOVASCULAR SYSTEM,Heart Failure and Ischemic Disease,4.4,25
Marrow,Pathology,CARDIOVASCULAR SYSTEM,Myocardial and Pericardial Diseases and Cardiac Tumors,4.5,22
Marrow,Pathology,CARDIOVASCULAR SYSTEM,Congenital and Valvular Heart Disease,4.5,11
Marrow,Pathology,CARDIOVASCULAR SYSTEM,Rheumatic Fever and Endocarditis,4.6,15
Marrow,Pathology,GENITOURINARY SYSTEM,Glomerular Diseases,4.5,24
Marrow,Pathology,GENITOURINARY SYSTEM,"Tubulointerstitial, Vascular and Cystic Diseases",4.5,20
Marrow,Pathology,GENITOURINARY SYSTEM,Renal Tumors,4.4,23
Marrow,Pathology,GENITOURINARY SYSTEM,Lower Urinary Tract,4.4,11
Marrow,Pathology,GENITOURINARY SYSTEM,Female Genital Tract,4.5,22
Marrow,Pathology,GENITOURINARY SYSTEM,Male Genital Tract,4.5,28
Marrow,Pathology,GASTROINTESTINAL SYSTEM,Alcoholic and Infectious Liver Disease,4.4,31
Marrow,Pathology,GASTROINTESTINAL SYSTEM,Autoimmune and Metabolic Liver Disease,4.5,20
Marrow,Pathology,GASTROINTESTINAL SYSTEM,Neoplasms of Liver and Biliary tract,4.4,16
Marrow,Pathology,GASTROINTESTINAL SYSTEM,Gall Bladder and Pancreas,4.4,9
Marrow,Pathology,GASTROINTESTINAL SYSTEM,Esophagus,4.4,21
Marrow,Pathology,GASTROINTESTINAL SYSTEM,Stomach,4.5,27
Marrow,Pathology,GASTROINTESTINAL SYSTEM,Small Intestine,4.4,12
Marrow,Pathology,GASTROINTESTINAL SYSTEM,Large Intestine - Non-Neoplastic Conditions,4.5,14
Marrow,Pathology,GASTROINTESTINAL SYSTEM,Large Intestine - Neoplastic Conditions,4.5,13
Marrow,Pathology,RESPIRATORY SYSTEM,"Congenital anomalies, ARDS, Infections",4.4,21
Marrow,Pathology,RESPIRATORY SYSTEM,Obstructive and Restrictive lung diseases,4.4,20
Marrow,Pathology,RESPIRATORY SYSTEM,Lung tumors,4.5,12
Marrow,Pathology,ENDOCRINE SYSTEM AND BREAST,"Pituitary ,Parathyroids and Pancreas",4.5,14
Marrow,Pathology,ENDOCRINE SYSTEM AND BREAST,Thyroid Glands,4.5,21
Marrow,Pathology,ENDOCRINE SYSTEM AND BREAST,The Adrenals,4.4,16
Marrow,Pathology,ENDOCRINE SYSTEM AND BREAST,The Breast,4.5,30
Marrow,Pathology,SKIN AND MUSCULOSKELETAL SYSTEM,"Developmental disorders,infections and tumors of bone",4.5,24
Marrow,Pathology,SKIN AND MUSCULOSKELETAL SYSTEM,Joints and soft tissue pathology,4.5,15
Marrow,Pathology,SKIN AND MUSCULOSKELETAL SYSTEM,Skin pathology,4.5,23
Marrow,Pathology,NERVOUS SYSTEM,Infective & Vascular CNS pathology,4.5,18
Marrow,Pathology,NERVOUS SYSTEM,"Degenerative, Toxic & Metabolic CNS disorders",4.4,17
Marrow,Pathology,NERVOUS SYSTEM,CNS Tumours,4.4,20
Marrow,Pathology,NERVOUS SYSTEM,Peripheral nerves & Neuromuscular pathology,4.4,16
Marrow,Community Medicine,HISTORY OF MEDICINE,History of Medicine,4.4,24
Marrow,Community Medicine,CONCEPTS OF HEALTH AND DISEASE,Health Determinants and Indicators,4.4,22
Marrow,Community Medicine,CONCEPTS OF HEALTH AND DISEASE,Concepts of Disease and Prevention,4.4,26
Marrow,Community Medicine,EPIDEMIOLOGY,Principles of Epidemiology,4.5,31
Marrow,Community Medicine,EPIDEMIOLOGY,Descriptive Epidemiology,4.5,17
Marrow,Community Medicine,EPIDEMIOLOGY,Analytical Epidemiology,4.5,33
Marrow,Community Medicine,EPIDEMIOLOGY,Experimental Epidemiology,4.5,19
Marrow,Community Medicine,EPIDEMIOLOGY,Basic Definitions in Infectious Disease Epidemiology,4.5,15
Marrow,Community Medicine,EPIDEMIOLOGY,Dynamics of Disease Transmission,4.6,20
Marrow,Community Medicine,EPIDEMIOLOGY,Principles of Immunization and Vaccination,4.5,23
Marrow,Community Medicine,EPIDEMIOLOGY,Vaccine Production and Storage,4.6,17
Marrow,Community Medicine,EPIDEMIOLOGY,Sterilization and Disinfection,4.5,23
Marrow,Community Medicine,SCREENING,Screening,4.5,32
Marrow,Community Medicine,EPIDEMIOLOGY OF COMMUNICABLE DISEASES,Viral Respiratory Infections,4.4,18
Marrow,Community Medicine,EPIDEMIOLOGY OF COMMUNICABLE DISEASES,Bacterial Respiratory Infections,4.5,23
Marrow,Community Medicine,EPIDEMIOLOGY OF COMMUNICABLE DISEASES,Intestinal Infections,4.4,31
Marrow,Community Medicine,EPIDEMIOLOGY OF COMMUNICABLE DISEASES,Arthropod-Borne Infections,4.4,22
Marrow,Community Medicine,EPIDEMIOLOGY OF COMMUNICABLE DISEASES,Zoonotic Infections - Viral,4.5,18
Marrow,Community Medicine,EPIDEMIOLOGY OF COMMUNICABLE DISEASES,Zoonotic Infections - Bacterial & Parasitic,4.6,12
Marrow,Community Medicine,EPIDEMIOLOGY OF COMMUNICABLE DISEASES,STDs and Surface Infections,4.4,30
Marrow,Community Medicine,EPIDEMIOLOGY OF NON-COMMUNICABLE DISEASES,Non-Communicable Diseases - Cardiovascular Diseases and Diabetes,4.4,21
Marrow,Community Medicine,EPIDEMIOLOGY OF NON-COMMUNICABLE DISEASES,"Non-Communicable Diseases - Cancer, Obesity and Blindness",4.5,18
Marrow,Community Medicine,INDIAN HEALTH PROGRAMMES,National Health Programmes I - NVBDCP,4.4,18
Marrow,Community Medicine,INDIAN HEALTH PROGRAMMES,"National Health Programmes II - NLEP, NTEP & NACO",4.6,24
Marrow,Community Medicine,INDIAN HEALTH PROGRAMMES,"National Health Programmes III - NIS, JSY, RBSK and Others",4.5,39
Marrow,Community Medicine,DEMOGRAPHY AND FAMILY PLANNING,"Demography I: Demographic Cycle, Annual Growth Rate and Age Pyramid",4.5,16
Marrow,Community Medicine,DEMOGRAPHY AND FAMILY PLANNING,Demography II: Demographic indicators,4.5,23
Marrow,Community Medicine,DEMOGRAPHY AND FAMILY PLANNING,Family Planning,4.5,21
Marrow,Community Medicine,"PREVENTIVE OBSTETRICS, PAEDIATRICS AND GERIATRICS","Preventive Obstetrics, Paediatrics and Geriatrics",4.5,28
Marrow,Community Medicine,NUTRITION AND HEALTH,Energy Metabolism and Macronutrients,4.4,16
Marrow,Community Medicine,NUTRITION AND HEALTH,Micronutrients and Water,4.3,16
Marrow,Community Medicine,NUTRITION AND HEALTH,Food Quality and Processing,4.5,9
Marrow,Community Medicine,MEDICINE AND SOCIAL SCIENCES,Concepts of Sociology and Psychology,4.5,20
Marrow,Community Medicine,MEDICINE AND SOCIAL SCIENCES,Social Organization and Economics,4.4,24
Marrow,Community Medicine,ENVIRONMENT AND HEALTH,Water - I: Sources and purification of water,4.4,28
Marrow,Community Medicine,ENVIRONMENT AND HEALTH,Water- II: Disinfection of water,4.5,15
Marrow,Community Medicine,ENVIRONMENT AND HEALTH,Water - III: Water Quality and Standards,4.5,22
Marrow,Community Medicine,ENVIRONMENT AND HEALTH,Environmental Meteorology,4.5,24
Marrow,Community Medicine,ENVIRONMENT AND HEALTH,Housing and Ventilation,4.4,14
Marrow,Community Medicine,ENVIRONMENT AND HEALTH,"Light, Sound and Radiation",4.4,19
Marrow,Community Medicine,ENVIRONMENT AND HEALTH,Waste and Sewage Disposal,4.4,22
Marrow,Community Medicine,ENVIRONMENT AND HEALTH,Medical Entomology - Mosquitoes and Flies,4.5,22
Marrow,Community Medicine,ENVIRONMENT AND HEALTH,"Medical Entomology - Ticks, Fleas and Mites",4.5,19
Marrow,Community Medicine,ENVIRONMENT AND HEALTH,Methods of Pest Control,4.4,19
Marrow,Community Medicine,BIOMEDICAL WASTE MANAGEMENT,Biomedical Waste Management,4.5,23
Marrow,Community Medicine,DISASTER MANAGEMENT,Disaster Management,4.5,20
Marrow,Community Medicine,OCCUPATIONAL HEALTH,Occupational Health Diseases,4.5,16
Marrow,Community Medicine,OCCUPATIONAL HEALTH,ESI and Factories Act,4.6,15
Marrow,Community Medicine,COMMUNICATION FOR HEALTH EDUCATION,Communication for Health Education,4.4,21
Marrow,Community Medicine,HEALTHCARE OF THE COMMUNITY,Health Planning and Management,4.4,20
Marrow,Community Medicine,HEALTHCARE OF THE COMMUNITY,Healthcare In India,4.5,24
Marrow,Community Medicine,HEALTHCARE OF THE COMMUNITY,Healthcare in India- IPHS 2022 Update,4.5,11
Marrow,Community Medicine,INTERNATIONAL HEALTH,International Health,4.5,25
Marrow,Community Medicine,BIOSTATISTICS,Descriptive Statistics I - Probability and Data,4.5,24
Marrow,Community Medicine,BIOSTATISTICS,Descriptive Statistics II - Measures of Location,4.5,17
Marrow,Community Medicine,BIOSTATISTICS,Descriptive Statistics III - Measures of Dispersion,4.5,25
Marrow,Community Medicine,BIOSTATISTICS,Descriptive Statistics IV - Measures of Position,4.5,11
Marrow,Community Medicine,BIOSTATISTICS,Inferential Statistics,4.5,13
Marrow,Community Medicine,BIOSTATISTICS,Concepts in Hypothesis Testing,4.5,13
Marrow,Community Medicine,BIOSTATISTICS,Tests of Significance,4.5,21
Marrow,Community Medicine,BIOSTATISTICS,Correlational and Predictive Techniques,4.5,20
Marrow,Community Medicine,BIOSTATISTICS,Facets of Clinical Research and Biostatistics,4.5,18
Marrow,Community Medicine,MENTAL HEALTH AND GENETICS,Mental Health,4.4,15
Marrow,Community Medicine,MENTAL HEALTH AND GENETICS,Genetics and Health,4.5,14
Marrow,Forensic Medicine,IDENTIFICATION,Skeletal and Dental Age Determination,4.4,18
Marrow,Forensic Medicine,IDENTIFICATION,"Race, Sex and Stature Determination",4.6,19
Marrow,Forensic Medicine,IDENTIFICATION,Fingerprint and Tattoos,4.4,14
Marrow,Forensic Medicine,MEDICAL JURISPRUDENCE,"BNS, BNSS, and BSA",4.4,26
Marrow,Forensic Medicine,"DEATH, PM CHANGES",Death and Post-Mortem Changes,4.5,29
Marrow,Forensic Medicine,MEDICO LEGAL AUTOPSY,Medico Legal Autopsy,4.4,12
Marrow,Forensic Medicine,INJURIES,Mechanical Injuries,4.4,20
Marrow,Forensic Medicine,INJURIES,Regional injuries,4.4,27
Marrow,Forensic Medicine,INJURIES,Thermal Injuries,4.4,23
Marrow,Forensic Medicine,INJURIES,Firearm Injuries and Blast Injuries,4.4,29
Marrow,Forensic Medicine,ASPHYXIA,Mechanical Asphyxia,4.4,26
Marrow,Forensic Medicine,ASPHYXIA,Drowning,4.4,12
Marrow,Forensic Medicine,SEXUAL OFFENCES AND ABORTION,Sexual Offences and Abortion,4.5,22
Marrow,Forensic Medicine,"CHILDHOOD VIOLENCE, INFANTICIDE AND STARVATION","Childhood Violence, Infanticide and Starvation",4.5,15
Marrow,Forensic Medicine,TOXICOLOGY,Poisoning: General Considerations,4.4,25
Marrow,Forensic Medicine,TOXICOLOGY,Organophosphorus Poisoning,4.4,14
Marrow,Forensic Medicine,TOXICOLOGY,Corrosives and Asphyxiants,4.4,22
Marrow,Forensic Medicine,TOXICOLOGY,Alcohol Poisoning,4.4,16
Marrow,Forensic Medicine,TOXICOLOGY,Inorganic Irritants - Metallic and Non-metallic,4.4,23
Marrow,Forensic Medicine,TOXICOLOGY,Organic Irritants - Plant and Animal Poisons,4.4,26
Marrow,Forensic Medicine,TOXICOLOGY,CNS - Narcotics and Deliriants,4.4,18
Marrow,Ophthalmology,BASICS OF OPHTHALMOLOGY,Anatomy and Development of Eye,4.4,23
Marrow,Ophthalmology,BASICS OF OPHTHALMOLOGY,Elementary Optics and Physiology of Vision,4.4,30
Marrow,Ophthalmology,ERRORS IN OPTICS,Myopia and Hypermetropia,4.5,21
Marrow,Ophthalmology,ERRORS IN OPTICS,Astigmatism and Errors of Accomodation,4.6,20
Marrow,Ophthalmology,CONJUNCTIVA,Conjunctiva,4.4,29
Marrow,Ophthalmology,SCLERA,Sclera,4.4,15
Marrow,Ophthalmology,CORNEA,Basics of Cornea and Infectious Keratitis,4.5,25
Marrow,Ophthalmology,CORNEA,Non-infectious Disorders of Cornea,4.4,26
Marrow,Ophthalmology,RETINA AND VITREOUS,Retinal vascular disorders and Retinal detachment,4.4,35
Marrow,Ophthalmology,RETINA AND VITREOUS,"Macular disorders, Retinal dystrophies, and Vitreal disorders",4.4,31
Marrow,Ophthalmology,LENS,"Lens - Introduction, Types of Cataract and Clinical Features",4.6,23
Marrow,Ophthalmology,LENS,"Lens - Cataract Surgery, Complications and IOLs",4.6,22
Marrow,Ophthalmology,GLAUCOMA,Glaucoma,4.5,34
Marrow,Ophthalmology,UVEAL TRACT,Uveitis - Anterior and Intermediate,4.5,18
Marrow,Ophthalmology,UVEAL TRACT,Uveitis - Posterior and Panuveitis,4.5,16
Marrow,Ophthalmology,LID AND LACRIMAL APPARATUS,Disorders of the Eyelid,4.4,22
Marrow,Ophthalmology,LID AND LACRIMAL APPARATUS,Disorders of Lacrimal Apparatus and Glands of the Eye,4.6,18
Marrow,Ophthalmology,ORBIT,Orbit Anatomy and Ocular Injuries,4.5,14
Marrow,Ophthalmology,ORBIT,Diseases of the Orbit,4.5,22
Marrow,Ophthalmology,SPECIFIC DISORDERS OF THE EYE,"Strabismus - Introduction, Symptomatology, and Evaluation",4.4,21
Marrow,Ophthalmology,SPECIFIC DISORDERS OF THE EYE,Strabismus - Types and Treatment,4.5,25
Marrow,Ophthalmology,SPECIFIC DISORDERS OF THE EYE,Disorders of Visual Pathway and Pupillary Reflexes,4.4,24
Marrow,Ophthalmology,SPECIFIC DISORDERS OF THE EYE,Disorders of Optic Nerve and Gaze Palsies,4.5,27
Marrow,Ophthalmology,SPECIFIC DISORDERS OF THE EYE,Tumors of Eye,4.4,18
Marrow,Ophthalmology,PRACTICAL OPHTHALMOLOGY,Practical Ophthalmology,4.4,25
Marrow,Ophthalmology,SYSTEMIC OPHTHALMOLOGY,Eye Signs in Systemic Disease,4.5,15
Marrow,Ophthalmology,COMMUNITY OPHTHALMOLOGY,Community Ophthalmology,4.5,11
Marrow,Ophthalmology,INSTRUMENTS,Instruments in Ophthalmology,4.5,23
Marrow,ENT,EAR,Embryology of Ear and Malformations,4.5,12
Marrow,ENT,EAR,Anatomy of External Ear,4.5,18
Marrow,ENT,EAR,Anatomy of Middle Ear,4.5,23
Marrow,ENT,EAR,Anatomy of Mastoid,4.6,9
Marrow,ENT,EAR,Anatomy of Inner Ear,4.5,15
Marrow,ENT,EAR,Disorders of External Ear,4.5,20
Marrow,ENT,EAR,Disorders of Middle Ear,4.5,15
Marrow,ENT,EAR,Cholesteatoma and Types of CSOM,4.5,13
Marrow,ENT,EAR,CSOM - Treatment and Complications,4.6,17
Marrow,ENT,EAR,Otosclerosis,4.5,14
Marrow,ENT,EAR,Meniere’s Disease,4.5,19
Marrow,ENT,EAR,Tumors of Ear,4.5,21
Marrow,ENT,EAR,Anatomy of Facial Nerve,4.5,17
Marrow,ENT,EAR,Facial Nerve Disorders,4.6,21
Marrow,ENT,EAR,Eustachian Tube,4.4,13
Marrow,ENT,EAR,Physiology of hearing and Tuning fork tests,4.5,19
Marrow,ENT,EAR,Audiometric tests and Special tests of hearing,4.6,19
Marrow,ENT,NOSE,Anatomy of Nose,4.5,14
Marrow,ENT,NOSE,Anatomy of Paranasal Sinuses,4.6,10
Marrow,ENT,NOSE,Physiology of Nose and Paranasal Sinuses,4.6,8
Marrow,ENT,NOSE,Epistaxis,4.5,12
Marrow,ENT,NOSE,Congenital Anomalies of Nose and Disease of Nose,4.5,15
Marrow,ENT,NOSE,Rhinitis,4.5,15
Marrow,ENT,NOSE,Disorder of Nasal Septum and Nasal Polyposis,4.5,17
Marrow,ENT,NOSE,Trauma of Nose and Face,4.5,17
Marrow,ENT,NOSE,Tumors of Nose and PNS,4.5,13
Marrow,ENT,NOSE,Sinusitis and its Complication,4.5,27
Marrow,ENT,PHARYNX,Anatomy and Physiology of Pharynx,4.5,13
Marrow,ENT,PHARYNX,Adenoids,4.5,11
Marrow,ENT,PHARYNX,Tonsils,4.5,19
Marrow,ENT,PHARYNX,Abscesses of Pharynx,4.5,16
Marrow,ENT,PHARYNX,Nasopharyngeal Angiofibroma,4.5,12
Marrow,ENT,PHARYNX,Nasopharyngeal Carcinoma,4.5,13
Marrow,ENT,LARYNX,Anatomy and Physiology of Larynx,4.5,17
Marrow,ENT,LARYNX,Stridor and Congenital Conditions of Larynx,4.5,10
Marrow,ENT,LARYNX,Voice and Speech Disorders,4.5,19
Marrow,ENT,LARYNX,Laryngeal Carcinoma,4.5,10
Marrow,ENT,INSTRUMENTS,Instruments,4.4,10
Marrow,Anaesthesia,PREOPERATIVE EVALUATION AND MONITORING,History and Ethical Aspects of Anaesthesia,4.5,10
Marrow,Anaesthesia,PREOPERATIVE EVALUATION AND MONITORING,Preoperative Evaluation,4.5,23
Marrow,Anaesthesia,PREOPERATIVE EVALUATION AND MONITORING,CNS and CVS Monitoring in Anaesthesia,4.5,25
Marrow,Anaesthesia,PREOPERATIVE EVALUATION AND MONITORING,Respiratory Monitoring in Anaesthesia,4.6,15
Marrow,Anaesthesia,AIRWAY MANAGEMENT AND RESUSCITATION,Airway Devices,4.6,12
Marrow,Anaesthesia,AIRWAY MANAGEMENT AND RESUSCITATION,Intubation,4.5,23
Marrow,Anaesthesia,AIRWAY MANAGEMENT AND RESUSCITATION,Breathing Systems,4.5,13
Marrow,Anaesthesia,AIRWAY MANAGEMENT AND RESUSCITATION,Anaesthesia Workstation,4.5,31
Marrow,Anaesthesia,AIRWAY MANAGEMENT AND RESUSCITATION,BLS and PALS,4.5,20
Marrow,Anaesthesia,ACLS,ACLS,4.6,24
Marrow,Anaesthesia,ACLS,Ventilation and O2 Delivery Systems,4.6,10
Marrow,Anaesthesia,MUSCLE RELAXANTS,Depolarising Muscle Relaxants,4.5,25
Marrow,Anaesthesia,MUSCLE RELAXANTS,Non-Depolarising Muscle Relaxants,4.6,28
Marrow,Anaesthesia,GENERAL ANAESTHESIA,"Inhaled Anaesthetics - Properties, N2O and Halothane",4.5,25
Marrow,Anaesthesia,GENERAL ANAESTHESIA,"Inhaled Anaesthetics - Fluorinated Agents, Inert Agents and Therapeutic Gases",4.6,22
Marrow,Anaesthesia,GENERAL ANAESTHESIA,"Intravenous Anaesthesia - Barbiturates, Benzodiazepines & Propofol",4.5,28
Marrow,Anaesthesia,GENERAL ANAESTHESIA,"Intravenous Anaesthesia - Etomidate, Ketamine and Daycare Surgery",4.5,27
Marrow,Anaesthesia,LOCAL AND REGIONAL ANAESTHESIA,Local Anaesthetics - General Properties,4.4,20
Marrow,Anaesthesia,LOCAL AND REGIONAL ANAESTHESIA,Local Anaesthetics - Specific Drugs,4.5,24
Marrow,Anaesthesia,LOCAL AND REGIONAL ANAESTHESIA,Regional Anaesthesia: Techniques,4.4,22
Marrow,Anaesthesia,LOCAL AND REGIONAL ANAESTHESIA,Regional Anaesthesia: Complications and Contraindications,4.4,23
Marrow,Anaesthesia,LOCAL AND REGIONAL ANAESTHESIA,Peripheral Nerve Blocks,4.4,12
Marrow,Anaesthesia,ANAESTHESIA IN SPECIFIC CONDITIONS,Anaesthetic Implication of Concurrent Diseases,4.4,32
Marrow,Anaesthesia,ANAESTHESIA IN SPECIFIC CONDITIONS,Paediatric and Obstetric Anaesthesia,4.4,26
Marrow,Anaesthesia,COMPLICATIONS OF ANAESTHESIA,Complications of Anaesthesia,4.4,29
Marrow,Dermatology,THE SKIN,Anatomy & Physiology of Skin,4.5,25
Marrow,Dermatology,CLINICAL DERMATOLOGY,Dermatopathology of Skin Lesions,4.4,12
Marrow,Dermatology,CLINICAL DERMATOLOGY,Morphology and Investigations of Skin Lesions,4.5,29
Marrow,Dermatology,ADNEXA AND APPENDAGES,"Acne, Rosacea and Others",4.5,21
Marrow,Dermatology,HAIR AND NAILS,Disorders of Hair and Nails,4.5,30
Marrow,Dermatology,SKIN PIGMENTATION,Disorders of Skin Pigmentation,4.5,30
Marrow,Dermatology,ALLERGIC DISORDERS & DERMATITIS,Dermatitis,4.5,23
Marrow,Dermatology,ALLERGIC DISORDERS & DERMATITIS,Urticaria & Angioedema,4.4,14
Marrow,Dermatology,ALLERGIC DISORDERS & DERMATITIS,Reactive Skin Diseases and Drug Eruptions,4.4,13
Marrow,Dermatology,PAPULOSQUAMOUS DISORDERS,Papulosquamous Disorders,4.4,15
Marrow,Dermatology,PAPULOSQUAMOUS DISORDERS,Psoriasis,4.5,21
Marrow,Dermatology,VESICULOBULLOUS DISORDERS,Vesiculobullous Diseases,4.5,31
Marrow,Dermatology,SKIN INFECTIONS & INFESTATIONS,Mycobacterial Infections,4.4,31
Marrow,Dermatology,SKIN INFECTIONS & INFESTATIONS,Bacterial Infections,4.4,20
Marrow,Dermatology,SKIN INFECTIONS & INFESTATIONS,Viral Infections,4.4,22
Marrow,Dermatology,SKIN INFECTIONS & INFESTATIONS,Fungal and Protozoal Infections,4.5,29
Marrow,Dermatology,SKIN INFECTIONS & INFESTATIONS,Arthropod and Parasitic Infections,4.5,17
Marrow,Dermatology,SEXUALLY TRANSMITTED INFECTIONS,Syphilis,4.5,16
Marrow,Dermatology,SEXUALLY TRANSMITTED INFECTIONS,Non Syphilitic Sexually Transmitted Diseases,4.6,20
Marrow,Dermatology,GENODERMATOSES & NUTRITIONAL DISORDERS,Genodermatoses & Nutritional Disorders,4.4,22
Marrow,Dermatology,CONNECTIVE TISSUE DISORDERS,Connective Tissue Disorders,4.4,21
Marrow,Dermatology,SKIN MALIGNANCIES,Skin Malignancies,4.4,24
Marrow,Dermatology,SKIN IN SYSTEMIC DISORDERS,Systemic Diseases and Skin,4.4,24
Marrow,Psychiatry,FACETS OF PSYCHIATRY,Theories of Personality & Defense Mechanisms,4.4,26
Marrow,Psychiatry,CLINICAL PSYCHIATRY,Symptoms and Clinical Manifestations in Psychiatry,4.5,13
Marrow,Psychiatry,CLINICAL PSYCHIATRY,Assessment in Psychiatry,4.4,14
Marrow,Psychiatry,CLINICAL PSYCHIATRY,Specific Treatment Modalities,4.4,22
Marrow,Psychiatry,NEUROPSYCHIATRY,Neuropsychiatric Aspects of Systemic Disorders,4.4,14
Marrow,Psychiatry,PSYCHOTIC DISORDERS,Schizophrenia,4.5,26
Marrow,Psychiatry,PSYCHOTIC DISORDERS,Other Psychotic Disorders,4.5,10
Marrow,Psychiatry,NEUROCOGNITIVE DISORDERS,Delirium,4.5,9
Marrow,Psychiatry,NEUROCOGNITIVE DISORDERS,Dementia,4.5,17
Marrow,Psychiatry,NEUROCOGNITIVE DISORDERS,Amnestic Disorders and Other Neurocognitive Disorders,4.4,7
Marrow,Psychiatry,MOOD DISORDERS,Depressive Disorders,4.5,30
Marrow,Psychiatry,MOOD DISORDERS,Bipolar and Related Disorders,4.5,14
Marrow,Psychiatry,SUBSTANCE-RELATED DISORDERS,Alcohol-Related Disorders,4.5,14
Marrow,Psychiatry,SUBSTANCE-RELATED DISORDERS,Other Substance Use Disorders,4.5,15
Marrow,Psychiatry,NEUROSIS,Anxiety Disorders,4.5,14
Marrow,Psychiatry,NEUROSIS,Obsessive-Compulsive and Related Disorders,4.5,17
Marrow,Psychiatry,NEUROSIS,Trauma and Stress-Related Disorders,4.5,13
Marrow,Psychiatry,PERSONALITY DISORDERS,Personality Disorders,4.5,12
Marrow,Psychiatry,SPECIFIC PSYCHIATRIC CONDITIONS,Somatoform Disorders,4.4,7
Marrow,Psychiatry,SPECIFIC PSYCHIATRIC CONDITIONS,"Factitious Disorders, Malingering and Criminality",4.5,7
Marrow,Psychiatry,SPECIFIC PSYCHIATRIC CONDITIONS,Dissociative Disorders,4.5,10
Marrow,Psychiatry,SPECIFIC PSYCHIATRIC CONDITIONS,Sleep Disorders,4.5,19
Marrow,Psychiatry,SPECIFIC PSYCHIATRIC CONDITIONS,Eating Disorders,4.5,13
Marrow,Psychiatry,SPECIFIC PSYCHIATRIC CONDITIONS,Impulse-Control Disorders,4.4,7
Marrow,Psychiatry,PSYCHIATRIC EMERGENCIES,Psychiatric Emergencies,4.4,12
Marrow,Psychiatry,SEXUALITY,Normal Sexuality and Sexual Dysfunction,4.5,11
Marrow,Psychiatry,SEXUALITY,Sexual Disorders and Sexual Abuse,4.4,9
Marrow,Psychiatry,CHILD PSYCHIATRY,Intellectual Disability & Specific Learning Disorders,4.4,9
Marrow,Psychiatry,CHILD PSYCHIATRY,Autism Spectrum Disorder,4.4,6
Marrow,Psychiatry,CHILD PSYCHIATRY,Attention-Deficit Disorders and Disruptive Behaviour,4.5,10
Marrow,Psychiatry,CHILD PSYCHIATRY,Neurodevelopmental Motor Disorders,4.4,8
Marrow,Psychiatry,CHILD PSYCHIATRY,Special Areas of Childhood Mental Health,4.4,9
Marrow,Psychiatry,FORENSIC PSYCHIATRY,Forensic Psychiatry,4.4,8
Marrow,Radiology,FUNDAMENTALS OF RADIOLOGY,Fundamentals of Imaging,4.5,16
Marrow,Radiology,FUNDAMENTALS OF RADIOLOGY,Radiation - Exposure and Protection,4.5,14
Marrow,Radiology,FUNDAMENTALS OF RADIOLOGY,Contrast Media and Patient Preparation,4.5,8
Marrow,Radiology,FUNDAMENTALS OF RADIOLOGY,Imaging Modalities - Identification,4.5,10
Marrow,Radiology,DIAGNOSTIC RADIOLOGY,Basics of Chest Imaging,4.5,12
Marrow,Radiology,DIAGNOSTIC RADIOLOGY,Chest Imaging - Lung Diseases,4.5,23
Marrow,Radiology,DIAGNOSTIC RADIOLOGY,Chest Imaging - Pleural and Mediastinal Conditions,4.5,11
Marrow,Radiology,DIAGNOSTIC RADIOLOGY,Chest Imaging - Cardiovascular Diseases,4.5,20
Marrow,Radiology,DIAGNOSTIC RADIOLOGY,"Neuroimaging - Neurovascular Disorders, Trauma & CT Brain",4.5,12
Marrow,Radiology,DIAGNOSTIC RADIOLOGY,"Neuroimaging - CNS Tumors, Infections & Neurocutaneous Syndromes",4.5,21
Marrow,Radiology,DIAGNOSTIC RADIOLOGY,Neuroimaging - MRI Brain in Neurodegenerative & Other CNS Disorders,4.6,13
Marrow,Radiology,DIAGNOSTIC RADIOLOGY,Head and Neck Imaging,4.7,6
Marrow,Radiology,DIAGNOSTIC RADIOLOGY,GI Imaging - Upper GI Disorders & Pneumoperitoneum,4.4,18
Marrow,Radiology,DIAGNOSTIC RADIOLOGY,GI Imaging - Lower GI Disorders,4.5,18
Marrow,Radiology,DIAGNOSTIC RADIOLOGY,Hepatobiliary and Pancreatic Imaging,4.5,18
Marrow,Radiology,DIAGNOSTIC RADIOLOGY,Renal Imaging,4.5,26
Marrow,Radiology,DIAGNOSTIC RADIOLOGY,Women's Imaging,4.5,15
Marrow,Radiology,DIAGNOSTIC RADIOLOGY,Musculoskeletal Imaging,4.4,27
Marrow,Radiology,RADIONUCLIDE IMAGING AND RADIATION ONCOLOGY,Radionuclide Imaging,4.5,20
Marrow,Radiology,RADIONUCLIDE IMAGING AND RADIATION ONCOLOGY,Radiotherapy,4.4,16
Marrow,Radiology,EMERGENCY AND INTERVENTIONAL RADIOLOGY,Emergency and Interventional Radiology,4.6,7
Marrow,Medicine,GENERAL,Clinical examination,4.5,20
Marrow,Medicine,GENERAL,Acid-Base Disorders,4.5,25
Marrow,Medicine,ENDOCRINE SYSTEM,General Principles of Endocrinology,4.5,13
Marrow,Medicine,ENDOCRINE SYSTEM,Disorders of Anterior Pituitary,4.5,16
Marrow,Medicine,ENDOCRINE SYSTEM,Pituitary Tumours and Sheehan's Syndrome,4.5,15
Marrow,Medicine,ENDOCRINE SYSTEM,"Posterior Pituitary - ADH, Oxytocin & Diabetes Insipidus",4.5,15
Marrow,Medicine,ENDOCRINE SYSTEM,Syndrome of Inappropriate Anti-Diuretic Hormone Secretion (SIADH),4.5,9
Marrow,Medicine,ENDOCRINE SYSTEM,Thyroid Disorders - Clinical Features,4.5,21
Marrow,Medicine,ENDOCRINE SYSTEM,Thyroid Disorders - Management,4.5,13
Marrow,Medicine,ENDOCRINE SYSTEM,Multiple Endocrine Neoplasia,4.5,13
Marrow,Medicine,ENDOCRINE SYSTEM,Pheochromocytoma,4.5,14
Marrow,Medicine,ENDOCRINE SYSTEM,Cushing's Syndrome,4.5,16
Marrow,Medicine,ENDOCRINE SYSTEM,Adrenal Insufficiency and Hyperaldosteronism,4.5,16
Marrow,Medicine,ENDOCRINE SYSTEM,"Diabetes Mellitus: Types, Clinical Features and Management",4.5,25
Marrow,Medicine,ENDOCRINE SYSTEM,Diabetes Mellitus: Complications and their Management,4.5,29
Marrow,Medicine,ENDOCRINE SYSTEM,Reproductive Endocrinology,4.5,14
Marrow,Medicine,ENDOCRINE SYSTEM,Disorders of Parathyroid and Calcium Homeostasis,4.5,22
Marrow,Medicine,ENDOCRINE SYSTEM,Obesity,4.4,13
Marrow,Medicine,GASTROINTESTINAL SYSTEM,Hyperbilirubinemias and Tests of Liver Function,4.5,21
Marrow,Medicine,GASTROINTESTINAL SYSTEM,Alcoholic Liver Diseases and Non-Alcoholic Fatty Liver Disease,4.5,13
Marrow,Medicine,GASTROINTESTINAL SYSTEM,Viral Hepatitis,4.5,26
Marrow,Medicine,GASTROINTESTINAL SYSTEM,Autoimmune Disorders of Hepatobiliary System,4.4,12
Marrow,Medicine,GASTROINTESTINAL SYSTEM,Acute Liver Failure and Liver Transplantation,4.4,19
Marrow,Medicine,GASTROINTESTINAL SYSTEM,Hemochromatosis and Wilson's disease,4.6,18
Marrow,Medicine,GASTROINTESTINAL SYSTEM,Cirrhosis and Complications,4.5,24
Marrow,Medicine,GASTROINTESTINAL SYSTEM,Peptic Ulcer Disease and Related Disorders,4.5,21
Marrow,Medicine,GASTROINTESTINAL SYSTEM,Evaluation of Diarrhea,4.4,12
Marrow,Medicine,GASTROINTESTINAL SYSTEM,Irritable Bowel Syndrome,4.5,15
Marrow,Medicine,GASTROINTESTINAL SYSTEM,Inflammatory Bowel Disease - Clinical Features and Diagnosis,4.5,19
Marrow,Medicine,GASTROINTESTINAL SYSTEM,Inflammatory Bowel Disease - Complications and Treatment,4.4,18
Marrow,Medicine,GASTROINTESTINAL SYSTEM,Malabsorption Syndromes,4.5,25
Marrow,Medicine,GASTROINTESTINAL SYSTEM,Other Gastrointestinal Conditions,4.5,12
Marrow,Medicine,RHEUMATOLOGY AND IMMUNOLOGY,Large and medium vessel vasculitis,4.5,16
Marrow,Medicine,RHEUMATOLOGY AND IMMUNOLOGY,Small vessel vasculitis,4.5,15
Marrow,Medicine,RHEUMATOLOGY AND IMMUNOLOGY,Crystal Arthropathies,4.5,10
Marrow,Medicine,RHEUMATOLOGY AND IMMUNOLOGY,Sjogren's Syndrome and Scleroderma,4.4,17
Marrow,Medicine,RHEUMATOLOGY AND IMMUNOLOGY,Sarcoidosis,4.5,14
Marrow,Medicine,RHEUMATOLOGY AND IMMUNOLOGY,Dermatomyositis and Related Disorders,4.5,16
Marrow,Medicine,RHEUMATOLOGY AND IMMUNOLOGY,Seronegative Spondyloarthritides,4.5,17
Marrow,Medicine,RHEUMATOLOGY AND IMMUNOLOGY,SLE and APS,4.5,22
Marrow,Medicine,RHEUMATOLOGY AND IMMUNOLOGY,Rheumatoid Arthritis,4.5,20
Marrow,Medicine,RESPIRATORY SYSTEM,Asthma & COPD,4.5,24
Marrow,Medicine,RESPIRATORY SYSTEM,Pneumonia,4.4,20
Marrow,Medicine,RESPIRATORY SYSTEM,Interstitial Lung Diseases and pneumoconiosis,4.5,20
Marrow,Medicine,RESPIRATORY SYSTEM,Bronchiectasis and Lung Abscess,4.4,19
Marrow,Medicine,RESPIRATORY SYSTEM,Pulmonary Function Tests,4.5,11
Marrow,Medicine,RESPIRATORY SYSTEM,Respiratory Failure and ARDS,4.5,7
Marrow,Medicine,RESPIRATORY SYSTEM,Neoplasms of the Lung,4.4,13
Marrow,Medicine,RESPIRATORY SYSTEM,Sleep apnea,4.5,8
Marrow,Medicine,RENAL SYSTEM,Urine Analysis,4.4,14
Marrow,Medicine,RENAL SYSTEM,Chronic Kidney Disease,4.5,26
Marrow,Medicine,RENAL SYSTEM,Acute Kidney Injury,4.4,18
Marrow,Medicine,RENAL SYSTEM,Renal Replacement Therapy,4.4,24
Marrow,Medicine,RENAL SYSTEM,Cystic and Inherited Disorders of the Kidney,4.3,14
Marrow,Medicine,RENAL SYSTEM,Renal Tubular Disorders,4.4,14
Marrow,Medicine,RENAL SYSTEM,Vascular Diseases of Kidney,4.4,10
Marrow,Medicine,CARDIOVASCULAR SYSTEM,Diagnosis of cardiovascular disorders,4.5,31
Marrow,Medicine,CARDIOVASCULAR SYSTEM,ECG Basics,4.5,22
Marrow,Medicine,CARDIOVASCULAR SYSTEM,Supraventricular Arrhythmias,4.5,22
Marrow,Medicine,CARDIOVASCULAR SYSTEM,Ventricular Arrhythmias and Heart Blocks,4.5,23
Marrow,Medicine,CARDIOVASCULAR SYSTEM,Valvular Heart Diseases,4.5,23
Marrow,Medicine,CARDIOVASCULAR SYSTEM,Infective Endocarditis and Acute rheumatic fever,4.5,29
Marrow,Medicine,CARDIOVASCULAR SYSTEM,Hypertensive Vascular Disease,4.5,16
Marrow,Medicine,CARDIOVASCULAR SYSTEM,Ischemic Heart Disease - Presentation and Diagnosis,4.5,23
Marrow,Medicine,CARDIOVASCULAR SYSTEM,Ischemic Heart Disease - Complications and Management,4.4,23
Marrow,Medicine,CARDIOVASCULAR SYSTEM,Cardiomyopathy and Myocarditis,4.4,16
Marrow,Medicine,CARDIOVASCULAR SYSTEM,Heart Failure,4.4,18
Marrow,Medicine,CARDIOVASCULAR SYSTEM,Pericardial Diseases,4.5,13
Marrow,Medicine,CARDIOVASCULAR SYSTEM,Pulmonary Hypertension,4.4,7
Marrow,Medicine,CARDIOVASCULAR SYSTEM,Diseases of Aorta and Peripheral Arteries,4.4,11
Marrow,Medicine,CARDIOVASCULAR SYSTEM,DVT and Pulmonary Embolism,4.4,18
Marrow,Medicine,NERVOUS SYSTEM,"General Neurology, Brain Death, and GCS",4.4,18
Marrow,Medicine,NERVOUS SYSTEM,Seizures and Epilepsy,4.5,28
Marrow,Medicine,NERVOUS SYSTEM,Ischemic Stroke,4.5,26
Marrow,Medicine,NERVOUS SYSTEM,Brainstem Syndromes and Hemorrhagic Stroke,4.5,26
Marrow,Medicine,NERVOUS SYSTEM,Peripheral Neuropathy,4.4,15
Marrow,Medicine,NERVOUS SYSTEM,Guillain-Barre Syndrome and Other Immune-mediated Neuropathies,4.5,21
Marrow,Medicine,NERVOUS SYSTEM,Diseases of the Spinal Cord,4.5,18
Marrow,Medicine,NERVOUS SYSTEM,Myasthenia gravis and Other Neuromuscular Junction Disorders,4.4,16
Marrow,Medicine,NERVOUS SYSTEM,Multiple Sclerosis & Other Demyelinating Disorders,4.4,17
Marrow,Medicine,NERVOUS SYSTEM,Headache Disorders,4.5,20
Marrow,Medicine,NERVOUS SYSTEM,Movement Disorders,4.5,32
Marrow,Medicine,NERVOUS SYSTEM,ALS and Other Motor Neuron Diseases,4.5,11
Marrow,Medicine,NERVOUS SYSTEM,Ataxic Disorders,4.4,10
Marrow,Medicine,NERVOUS SYSTEM,Cranial Nerve Disorders,4.4,17
Marrow,Medicine,NERVOUS SYSTEM,Infections of the Nervous System,4.5,12
Marrow,Medicine,BLOOD DISORDERS,Hypoproliferative Anemia,4.5,22
Marrow,Medicine,BLOOD DISORDERS,Macrocytic Anemia,4.5,17
Marrow,Medicine,BLOOD DISORDERS,Hemolytic Anemia,4.5,23
Marrow,Medicine,BLOOD DISORDERS,Myeloproliferative Disorders and Aplastic Anemia,4.5,17
Marrow,Medicine,BLOOD DISORDERS,Platelet Disorders,4.5,30
Marrow,Medicine,BLOOD DISORDERS,Acute Leukemia,4.5,24
Marrow,Medicine,BLOOD DISORDERS,Plasma Cell Disorders,4.5,18
Marrow,Medicine,BLOOD DISORDERS,Chronic Myeloid Leukemia and Chronic Lymphoid Leukemia,4.4,14
Marrow,Medicine,BLOOD DISORDERS,Lymphomas,4.5,28
Marrow,Medicine,BLOOD DISORDERS,Coagulation Disorders,4.5,25
Marrow,Medicine,BLOOD DISORDERS,Haemoglobinopathies,4.5,9
Marrow,Medicine,BLOOD DISORDERS,Blood Bank & Transfusion Medicine,4.5,16
Marrow,Medicine,INFECTIOUS DISEASES,HIV / AIDS - Epidemiology and Clinical Features,4.5,18
Marrow,Medicine,INFECTIOUS DISEASES,HIV / AIDS - Management and Prophylaxis,4.5,21
Marrow,Medicine,COVID 19,COVID 19 - Epidemiology and Clinical Features,4.6,13
Marrow,Medicine,COVID 19,COVID 19 - Investigations,4.6,13
Marrow,Medicine,COVID 19,COVID 19 - Treatment,4.5,13
Marrow,Medicine,COVID 19,COVID 19 - Prophylaxis and Complications,4.6,14
Marrow,Surgery,GENERAL SURGERY,"Fluids, Electrolytes & Nutrition",4.5,23
Marrow,Surgery,GENERAL SURGERY,Shock and Blood Transfusion,4.5,20
Marrow,Surgery,GENERAL SURGERY,Instruments & Sutures,4.5,36
Marrow,Surgery,GENERAL SURGERY,Paediatric Surgery,4.5,22
Marrow,Surgery,GENERAL SURGERY,"Trauma - Scores, Investigations and Assessment",4.5,20
Marrow,Surgery,GENERAL SURGERY,"Trauma - Spinal, Thoracic and Abdominal Injuries",4.6,33
Marrow,Surgery,BREAST,"Breast - Anatomy, Congenital and Benign Diseases",4.5,24
Marrow,Surgery,BREAST,Carcinoma Breast - Risk Factors and Types,4.5,16
Marrow,Surgery,BREAST,Investigations in Breast diseases,4.5,21
Marrow,Surgery,BREAST,"Carcinoma Breast - Staging, Prognosis & Molecular Types",4.5,13
Marrow,Surgery,BREAST,Carcinoma Breast - Treatment,4.5,29
Marrow,Surgery,ENDOCRINE SYSTEM,Benign Lesions of Thyroid,4.5,24
Marrow,Surgery,ENDOCRINE SYSTEM,Thyroid Malignancies,4.5,27
Marrow,Surgery,ENDOCRINE SYSTEM,The Parathyroids,4.4,22
Marrow,Surgery,ENDOCRINE SYSTEM,The Adrenals,4.4,16
Marrow,Surgery,UPPER GI SURGERY,"Esophagus - Congenital, Motility & Inflammatory Disorders",4.6,26
Marrow,Surgery,UPPER GI SURGERY,Esophagus - GERD & Carcinoma,4.5,19
Marrow,Surgery,UPPER GI SURGERY,Stomach and Duodenum,4.6,28
Marrow,Surgery,UPPER GI SURGERY,Carcinoma Stomach,4.6,20
Marrow,Surgery,UPPER GI SURGERY,Metabolic & Bariatric Surgery,4.5,14
Marrow,Surgery,LOWER GI & HERNIA SURGERY,Small Intestine,4.5,31
Marrow,Surgery,LOWER GI & HERNIA SURGERY,Large Intestine,4.5,30
Marrow,Surgery,LOWER GI & HERNIA SURGERY,Appendix,4.6,24
Marrow,Surgery,LOWER GI & HERNIA SURGERY,Polyps and Colorectal Carcinoma,4.5,36
Marrow,Surgery,LOWER GI & HERNIA SURGERY,Rectum,4.5,21
Marrow,Surgery,LOWER GI & HERNIA SURGERY,Anus and Anal Canal,4.5,23
Marrow,Surgery,LOWER GI & HERNIA SURGERY,Hernia,4.5,32
Marrow,Surgery,HEPATO-BILIARY SURGERY,Benign Conditions of Liver,4.5,31
Marrow,Surgery,HEPATO-BILIARY SURGERY,Benign Tumors of Liver,4.6,13
Marrow,Surgery,HEPATO-BILIARY SURGERY,Malignant Tumors of Liver,4.5,22
Marrow,Surgery,HEPATO-BILIARY SURGERY,Gall Bladder,4.5,30
Marrow,Surgery,HEPATO-BILIARY SURGERY,Bile Duct,4.5,14
Marrow,Surgery,SPLEEN & PANCREATIC SURGERY,Spleen,4.6,17
Marrow,Surgery,SPLEEN & PANCREATIC SURGERY,Endocrine Pancreas,4.6,16
Marrow,Surgery,SPLEEN & PANCREATIC SURGERY,Congenital Anomalies and Acute Pancreatitis,4.6,23
Marrow,Surgery,SPLEEN & PANCREATIC SURGERY,Chronic Pancreatitis,4.5,23
Marrow,Surgery,SPLEEN & PANCREATIC SURGERY,Carcinoma Pancreas,4.5,22
Marrow,Surgery,UROLOGY,Congenital Diseases of Kidney and Urinary Calculi,4.5,24
Marrow,Surgery,UROLOGY,Infections and Tumors of Kidney,4.5,25
Marrow,Surgery,UROLOGY,Urinary Bladder and Ureters,4.4,23
Marrow,Surgery,UROLOGY,Prostate,4.5,21
Marrow,Surgery,UROLOGY,Urethra and Penis,4.4,17
Marrow,Surgery,UROLOGY,Testes and Scrotum,4.5,22
Marrow,Surgery,NEUROSURGERY,Head Injury,4.5,22
Marrow,Surgery,HEAD AND NECK,Oral Cavity & Salivary glands,4.5,30
Marrow,Surgery,PLASTIC SURGERY,Burns,4.5,25
Marrow,Surgery,PLASTIC SURGERY,"Wound Healing, Tissue Repair & Scar",4.5,27
Marrow,Surgery,PLASTIC SURGERY,Reconstructive Surgery,4.4,19
Marrow,Surgery,CARDIOTHORACIC & VASCULAR SURGERY,Thorax & Lungs,4.5,29
Marrow,Surgery,CARDIOTHORACIC & VASCULAR SURGERY,Ischemic Arterial Diseases,4.5,25
Marrow,Surgery,CARDIOTHORACIC & VASCULAR SURGERY,"Arterial Aneurysms, Dissections and Malformations",4.6,18
Marrow,Surgery,CARDIOTHORACIC & VASCULAR SURGERY,Venous Diseases,4.5,26
Marrow,Surgery,CARDIOTHORACIC & VASCULAR SURGERY,Lymphatic Diseases,4.5,12
Marrow,Surgery,SKIN,Skin Malignancies,4.5,30
Marrow,Orthopaedics,FRACTURE AND ITS COMPLICATIONS,Basics of fracture and its management,4.5,19
Marrow,Orthopaedics,FRACTURE AND ITS COMPLICATIONS,Complications of fracture,4.5,18
Marrow,Orthopaedics,NECK,Regional conditions of neck,4.5,14
Marrow,Orthopaedics,UPPER LIMB,"Injuries of clavicle, shoulder and arm",4.5,19
Marrow,Orthopaedics,UPPER LIMB,Injuries of elbow and forearm,4.5,18
Marrow,Orthopaedics,UPPER LIMB,Injuries of hand,4.5,12
Marrow,Orthopaedics,UPPER LIMB,Regional conditions of the upper limb,4.5,12
Marrow,Orthopaedics,LOWER LIMB,Dislocations of the Hip joint,4.5,12
Marrow,Orthopaedics,LOWER LIMB,Fractures of femur,4.5,22
Marrow,Orthopaedics,LOWER LIMB,"Injuries of knee, leg and foot",4.4,18
Marrow,Orthopaedics,LOWER LIMB,AVN and Regional conditions of lower limb,4.5,14
Marrow,Orthopaedics,SPINE & PELVIS,Injuries of spine,4.5,23
Marrow,Orthopaedics,SPINE & PELVIS,Regional Conditions of Spine,4.4,12
Marrow,Orthopaedics,SPINE & PELVIS,Spondylolisthesis & IVDP,4.4,15
Marrow,Orthopaedics,SPINE & PELVIS,Injuries of Pelvis,4.4,9
Marrow,Orthopaedics,BONE AND JOINT INFECTIONS,Infections of the bone,4.5,19
Marrow,Orthopaedics,BONE AND JOINT INFECTIONS,Skeletal Tuberculosis,4.5,13
Marrow,Orthopaedics,PAEDIATRIC ORTHOPAEDICS,Fractures in children,4.5,12
Marrow,Orthopaedics,PAEDIATRIC ORTHOPAEDICS,"CTEV, Genu varum and valgum",4.4,13
Marrow,Orthopaedics,PAEDIATRIC ORTHOPAEDICS,"Congenital malformations, Perthes disease and SCFE",4.5,19
Marrow,Orthopaedics,METABOLIC BONE DISEASES,Metabolic Bone Diseases in Children,4.5,11
Marrow,Orthopaedics,METABOLIC BONE DISEASES,Osteoporosis and Osteomalacia,4.4,15
Marrow,Orthopaedics,METABOLIC BONE DISEASES,Paget's Disease and Hyperparathyroidism,4.5,17
Marrow,Orthopaedics,ARTHRITIS & OTHER JOINT DISORDERS,Rheumatoid Arthritis and Osteoarthritis,4.5,15
Marrow,Orthopaedics,ARTHRITIS & OTHER JOINT DISORDERS,Spondyloarthropathies and Crystal arthropathies,4.5,13
Marrow,Orthopaedics,NERVE INJURIES,Nerve Injuries,4.5,18
Marrow,Orthopaedics,BONE TUMORS,Benign Tumors Of Bone,4.5,29
Marrow,Orthopaedics,BONE TUMORS,Malignant Tumors of Bone,4.5,27
Marrow,Orthopaedics,INSTRUMENTS IN ORTHOPAEDICS,"Implants, splints and traction",4.5,14
Marrow,Orthopaedics,ADVANCED ORTHOPAEDICS & MANAGEMENT,"Trauma amputations, prosthetics and joint replacement surgery",4.5,19
Marrow,Orthopaedics,ADVANCED ORTHOPAEDICS & MANAGEMENT,Sports Injury,4.5,10
Marrow,Paediatrics,NEONATOLOGY,Basics of Neonatology and Routine Newborn Care,4.5,17
Marrow,Paediatrics,NEONATOLOGY,Disorders of Newborn,4.5,19
Marrow,Paediatrics,NEONATOLOGY,Diseases in Neonates requiring Special Care,4.5,18
Marrow,Paediatrics,NEONATOLOGY,Apgar score and Neonatal Resuscitation,4.5,12
Marrow,Paediatrics,GROWTH AND DEVELOPMENT,Developmental Milestones,4.5,21
Marrow,Paediatrics,GROWTH AND DEVELOPMENT,Facets of Growth and Development,4.4,17
Marrow,Paediatrics,NUTRITION,Nutrition and Breastfeeding,4.5,19
Marrow,Paediatrics,NUTRITION,Protein Energy Malnutrition,4.5,14
Marrow,Paediatrics,NUTRITION,Deficiency of Fat Soluble Vitamins,4.5,20
Marrow,Paediatrics,NUTRITION,Deficiency of Water-soluble Vitamins & Trace Elements,4.5,16
Marrow,Paediatrics,FLUIDS AND ELECTROLYTES,Fluid and Electrolyte Disorders,4.5,16
Marrow,Paediatrics,GENETIC DISORDERS,Mendelian and Non-Mendelian Disorders,4.5,27
Marrow,Paediatrics,GENETIC DISORDERS,Chromosomal Disorders,4.4,22
Marrow,Paediatrics,METABOLIC DISORDERS,Metabolic Disorders of Amino Acids,4.5,26
Marrow,Paediatrics,METABOLIC DISORDERS,"Metabolic Disorders of Urea Cycle, Complex Molecules, and Carbohydrates",4.5,23
Marrow,Paediatrics,CHILDHOOD INFECTIONS,Polio and AIDS,4.4,20
Marrow,Paediatrics,CHILDHOOD INFECTIONS,Paediatric Bacterial and Parasitic Infections,4.5,27
Marrow,Paediatrics,CHILDHOOD INFECTIONS,"Measles, Mumps, Rubella and Other Viral Infections",4.4,25
Marrow,Paediatrics,GASTROINTESTINAL SYSTEM,Surgical GI Disorders,4.5,20
Marrow,Paediatrics,GASTROINTESTINAL SYSTEM,Medical GI Disorders,4.5,16
Marrow,Paediatrics,GASTROINTESTINAL SYSTEM,Disorders of the Liver,4.4,20
Marrow,Paediatrics,RESPIRATORY SYSTEM,Neonatal Respiratory Disorders,4.5,22
Marrow,Paediatrics,RESPIRATORY SYSTEM,Childhood Respiratory Disorders,4.5,32
Marrow,Paediatrics,CARDIOVASCULAR SYSTEM,Fetal Circulation,4.5,10
Marrow,Paediatrics,CARDIOVASCULAR SYSTEM,Acyanotic Congenital Heart Diseases,4.5,25
Marrow,Paediatrics,CARDIOVASCULAR SYSTEM,Cyanotic Congenital Heart Diseases,4.5,23
Marrow,Paediatrics,GENITO-URINARY SYSTEM,Paediatric Nephrology,4.5,30
Marrow,Paediatrics,GENITO-URINARY SYSTEM,Paediatric Urology,4.4,16
Marrow,Paediatrics,NEUROLOGY,Disorders of the Nervous System,4.4,32
Marrow,Paediatrics,ENDOCRINE SYSTEM,Disorders of Thyroid,4.4,18
Marrow,Paediatrics,ENDOCRINE SYSTEM,Congenital Adrenal Hyperplasia and Related Disorders,4.4,22
Marrow,Paediatrics,ENDOCRINE SYSTEM,Disorders of the Pituitary Gland,4.4,13
Marrow,Paediatrics,ENDOCRINE SYSTEM,Disorders of Puberty,4.4,15
Marrow,Paediatrics,CHILDHOOD MALIGNANCIES,Paediatric Hemato-oncology,4.4,24
Marrow,Paediatrics,CHILDHOOD MALIGNANCIES,Solid Neoplasms of Childhood,4.4,34
Marrow,Paediatrics,MUSCULOSKELETAL SYSTEM,Musculoskeletal Disorders,4.4,12
Marrow,Paediatrics,PAEDIATRIC RHEUMATOLOGY,Paediatric Rheumatology,4.4,15
Marrow,Paediatrics,HEMATOLOGY,"Paediatric Hematology - Introduction, Bleeding, and Clotting Disorders",4.4,18
Marrow,Paediatrics,HEMATOLOGY,Paediatric Anemias,4.4,24
Marrow,Obstetrics & Gynaecology,FUNDAMENTALS OF REPRODUCTION,Anatomy of Female Pelvic Organs,4.5,26
Marrow,Obstetrics & Gynaecology,FUNDAMENTALS OF REPRODUCTION,The Physiology of Conception,4.5,15
Marrow,Obstetrics & Gynaecology,FUNDAMENTALS OF REPRODUCTION,Maternal Pelvis and Fetal Skull,4.5,16
Marrow,Obstetrics & Gynaecology,FUNDAMENTALS OF REPRODUCTION,Placenta and Fetal Membranes,4.5,26
Marrow,Obstetrics & Gynaecology,FUNDAMENTALS OF REPRODUCTION,"Sexual Development, Puberty and Adolescence",4.5,25
Marrow,Obstetrics & Gynaecology,NORMAL PREGNANCY AND ANTENATAL CARE,Physiological Changes During Pregnancy,4.5,24
Marrow,Obstetrics & Gynaecology,NORMAL PREGNANCY AND ANTENATAL CARE,Diagnosis of Pregnancy and Antenatal Care,4.5,21
Marrow,Obstetrics & Gynaecology,NORMAL PREGNANCY AND ANTENATAL CARE,Antenatal Investigations,4.6,15
Marrow,Obstetrics & Gynaecology,NORMAL PREGNANCY AND ANTENATAL CARE,Obstetrical Imaging,4.4,17
Marrow,Obstetrics & Gynaecology,LABOR AND PUERPERIUM,Normal Labour,4.5,29
Marrow,Obstetrics & Gynaecology,LABOR AND PUERPERIUM,Abnormal Labour,4.5,21
Marrow,Obstetrics & Gynaecology,LABOR AND PUERPERIUM,Induction and Augmentation of Labour,4.5,17
Marrow,Obstetrics & Gynaecology,LABOR AND PUERPERIUM,Malpresentations,4.5,23
Marrow,Obstetrics & Gynaecology,LABOR AND PUERPERIUM,Operative Vaginal Delivery,4.5,15
Marrow,Obstetrics & Gynaecology,LABOR AND PUERPERIUM,Caesarean Section and Vaginal Birth After Caesarean (VBAC),4.4,18
Marrow,Obstetrics & Gynaecology,LABOR AND PUERPERIUM,Puerperium,4.4,24
Marrow,Obstetrics & Gynaecology,OBSTETRIC COMPLICATIONS,Multifetal Pregnancy,4.5,26
Marrow,Obstetrics & Gynaecology,OBSTETRIC COMPLICATIONS,Ectopic Pregnancy,4.5,19
Marrow,Obstetrics & Gynaecology,OBSTETRIC COMPLICATIONS,Abortion and Medical Termination of Pregnancy,4.5,26
Marrow,Obstetrics & Gynaecology,OBSTETRIC COMPLICATIONS,Antepartum Hemorrhage,4.5,23
Marrow,Obstetrics & Gynaecology,OBSTETRIC COMPLICATIONS,Postpartum Haemorrhage,4.5,22
Marrow,Obstetrics & Gynaecology,OBSTETRIC COMPLICATIONS,Preterm Labor and Postterm Pregnancy,4.5,24
Marrow,Obstetrics & Gynaecology,OBSTETRIC COMPLICATIONS,Gestational Trophoblastic Diseases,4.5,22
Marrow,Obstetrics & Gynaecology,MEDICAL AND SURGICAL COMPLICATIONS IN PREGNANCY,Anemia in Pregnancy,4.4,16
Marrow,Obstetrics & Gynaecology,MEDICAL AND SURGICAL COMPLICATIONS IN PREGNANCY,Hypertensive Disorders in Pregnancy,4.5,30
Marrow,Obstetrics & Gynaecology,MEDICAL AND SURGICAL COMPLICATIONS IN PREGNANCY,Diabetes in Pregnancy,4.4,19
Marrow,Obstetrics & Gynaecology,MEDICAL AND SURGICAL COMPLICATIONS IN PREGNANCY,Cardiovascular Conditions in Pregnancy,4.5,22
Marrow,Obstetrics & Gynaecology,MEDICAL AND SURGICAL COMPLICATIONS IN PREGNANCY,Rhesus Isoimmunization,4.5,15
Marrow,Obstetrics & Gynaecology,MEDICAL AND SURGICAL COMPLICATIONS IN PREGNANCY,Hepatic Disorders and Infections in Pregnancy,4.4,25
Marrow,Obstetrics & Gynaecology,GENERAL GYNAECOLOGY,Disorders of Menstruation,4.5,20
Marrow,Obstetrics & Gynaecology,GENERAL GYNAECOLOGY,Uro-gynaecology,4.5,23
Marrow,Obstetrics & Gynaecology,GENERAL GYNAECOLOGY,Prolapse,4.5,24
Marrow,Obstetrics & Gynaecology,GENERAL GYNAECOLOGY,Fibroid,4.5,26
Marrow,Obstetrics & Gynaecology,GENERAL GYNAECOLOGY,Endometriosis and Adenomyosis,4.5,18
Marrow,Obstetrics & Gynaecology,GENERAL GYNAECOLOGY,Disorders of Ovary,4.5,14
Marrow,Obstetrics & Gynaecology,GENERAL GYNAECOLOGY,Contraception and Sterilization,4.5,27
Marrow,Obstetrics & Gynaecology,GYNAECOLOGIC INFECTIONS,Vaginal Infections,4.5,23
Marrow,Obstetrics & Gynaecology,GYNAECOLOGIC INFECTIONS,Vulval Infections,4.6,13
Marrow,Obstetrics & Gynaecology,GYNAECOLOGIC INFECTIONS,Pelvic Inflammatory Disease,4.5,24
Marrow,Obstetrics & Gynaecology,GYNAECOLOGIC INFECTIONS,Genital Tuberculosis,4.4,9
Marrow,Obstetrics & Gynaecology,INFERTILITY AND MENOPAUSE,Infertility,4.4,24
Marrow,Obstetrics & Gynaecology,INFERTILITY AND MENOPAUSE,"Perimenopause, Menopause and Post-Menopausal Bleeding",4.5,17
Marrow,Obstetrics & Gynaecology,GYNAECOLOGIC ONCOLOGY,Ovarian Tumors,4.5,25
Marrow,Obstetrics & Gynaecology,GYNAECOLOGIC ONCOLOGY,Vulval & Vaginal Malignancy,4.5,14
Marrow,Obstetrics & Gynaecology,GYNAECOLOGIC ONCOLOGY,Carcinoma Cervix,4.5,27
Marrow,Obstetrics & Gynaecology,GYNAECOLOGIC ONCOLOGY,Carcinoma Endometrium,4.5,18
Marrow,Obstetrics & Gynaecology,INSTRUMENTS,Instruments,4.5,22
Marrow,Previous Year Question Papers,ANATOMY,Anatomy AIIMS 2017,4.5,23
Marrow,Previous Year Question Papers,ANATOMY,Anatomy AIIMS 2018,4.5,22
Marrow,Previous Year Question Papers,ANATOMY,Anatomy AIIMS 2019 (May & Nov),4.5,19
Marrow,Previous Year Question Papers,ANATOMY,Anatomy AIIMS 2020 (May and Nov INI-CET),4.6,24
Marrow,Previous Year Question Papers,ANATOMY,Anatomy NEET 2018,4.5,14
Marrow,Previous Year Question Papers,ANATOMY,Anatomy NEET 2019,4.5,18
Marrow,Previous Year Question Papers,ANATOMY,Anatomy NEET 2020,4.6,17
Marrow,Previous Year Question Papers,ANATOMY,Anatomy INI-CET 2021,4.6,23
Marrow,Previous Year Question Papers,ANATOMY,Anatomy NEET 2021,4.6,7
Marrow,Previous Year Question Papers,ANATOMY,Anatomy INI-CET 2022,4.6,37
Marrow,Previous Year Question Papers,ANATOMY,Anatomy NEET 2022,4.6,5
Marrow,Previous Year Question Papers,ANATOMY,Anatomy NEET 2023,4.6,8
Marrow,Previous Year Question Papers,ANATOMY,Anatomy INI-CET 2023,4.6,25
Marrow,Previous Year Question Papers,ANATOMY,Anatomy INI-CET 2024,4.6,24
Marrow,Previous Year Question Papers,ANATOMY,Anatomy NEET 2024,4.6,10
Marrow,Previous Year Question Papers,ANATOMY,Anatomy INI-CET 2025,4.6,23
Marrow,Previous Year Question Papers,ANATOMY,Anatomy NEET 2025,4.6,10
Marrow,Previous Year Question Papers,PHYSIOLOGY,Physiology AIIMS 2017,4.5,20
Marrow,Previous Year Question Papers,PHYSIOLOGY,Physiology AIIMS 2018,4.5,23
Marrow,Previous Year Question Papers,PHYSIOLOGY,Physiology AIIMS 2019 (May & Nov),4.5,15
Marrow,Previous Year Question Papers,PHYSIOLOGY,Physiology AIIMS 2020 (May and Nov INI-CET),4.6,24
Marrow,Previous Year Question Papers,PHYSIOLOGY,Physiology NEET 2018,4.5,14
Marrow,Previous Year Question Papers,PHYSIOLOGY,Physiology NEET 2019,4.5,19
Marrow,Previous Year Question Papers,PHYSIOLOGY,Physiology NEET 2020,4.6,17
Marrow,Previous Year Question Papers,PHYSIOLOGY,Physiology INI-CET 2021,4.6,22
Marrow,Previous Year Question Papers,PHYSIOLOGY,Physiology NEET 2021,4.6,5
Marrow,Previous Year Question Papers,PHYSIOLOGY,Physiology INI-CET 2022,4.6,31
Marrow,Previous Year Question Papers,PHYSIOLOGY,Physiology NEET 2022,4.6,6
Marrow,Previous Year Question Papers,PHYSIOLOGY,Physiology NEET 2023,4.6,9
Marrow,Previous Year Question Papers,PHYSIOLOGY,Physiology INI-CET 2023,4.6,23
Marrow,Previous Year Question Papers,PHYSIOLOGY,Physiology INI-CET 2024,4.6,31
Marrow,Previous Year Question Papers,PHYSIOLOGY,Physiology NEET 2024,4.6,14
Marrow,Previous Year Question Papers,PHYSIOLOGY,Physiology INI-CET 2025,4.6,24
Marrow,Previous Year Question Papers,PHYSIOLOGY,Physiology NEET 2025,4.6,5
Marrow,Previous Year Question Papers,BIOCHEMISTRY,Biochemistry AIIMS 2017,4.6,19
Marrow,Previous Year Question Papers,BIOCHEMISTRY,Biochemistry AIIMS 2018,4.6,21
Marrow,Previous Year Question Papers,BIOCHEMISTRY,Biochemistry AIIMS 2019 (May & Nov),4.5,18
Marrow,Previous Year Question Papers,BIOCHEMISTRY,Biochemistry AIIMS 2020 (May and Nov INI-CET),4.6,20
Marrow,Previous Year Question Papers,BIOCHEMISTRY,Biochemistry NEET 2018,4.5,16
Marrow,Previous Year Question Papers,BIOCHEMISTRY,Biochemistry NEET 2019,4.5,12
Marrow,Previous Year Question Papers,BIOCHEMISTRY,Biochemistry NEET 2020,4.6,14
Marrow,Previous Year Question Papers,BIOCHEMISTRY,Biochemistry INI-CET 2021,4.6,24
Marrow,Previous Year Question Papers,BIOCHEMISTRY,Biochemistry NEET 2021,4.6,12
Marrow,Previous Year Question Papers,BIOCHEMISTRY,Biochemistry INI-CET 2022,4.5,27
Marrow,Previous Year Question Papers,BIOCHEMISTRY,Biochemistry NEET 2022,4.6,10
Marrow,Previous Year Question Papers,BIOCHEMISTRY,Biochemistry NEET 2023,4.7,15
Marrow,Previous Year Question Papers,BIOCHEMISTRY,Biochemistry INI-CET 2023,4.6,17
Marrow,Previous Year Question Papers,BIOCHEMISTRY,Biochemistry INI-CET 2024,4.6,19
Marrow,Previous Year Question Papers,BIOCHEMISTRY,Biochemistry NEET 2024,4.7,21
Marrow,Previous Year Question Papers,BIOCHEMISTRY,Biochemistry INI-CET 2025,4.6,22
Marrow,Previous Year Question Papers,BIOCHEMISTRY,Biochemistry NEET 2025,4.6,11
Marrow,Previous Year Question Papers,PHARMACOLOGY,Pharmacology AIIMS 2017,4.5,32
Marrow,Previous Year Question Papers,PHARMACOLOGY,Pharmacology AIIMS 2018,4.6,35
Marrow,Previous Year Question Papers,PHARMACOLOGY,Pharmacology AIIMS 2019 (May & Nov),4.5,20
Marrow,Previous Year Question Papers,PHARMACOLOGY,Pharmacology AIIMS 2020 (May and Nov INI-CET),4.6,33
Marrow,Previous Year Question Papers,PHARMACOLOGY,Pharmacology NEET 2018,4.5,24
Marrow,Previous Year Question Papers,PHARMACOLOGY,Pharmacology NEET 2019,4.5,24
Marrow,Previous Year Question Papers,PHARMACOLOGY,Pharmacology NEET 2020,4.6,22
Marrow,Previous Year Question Papers,PHARMACOLOGY,Pharmacology INI-CET 2021,4.6,35
Marrow,Previous Year Question Papers,PHARMACOLOGY,Pharmacology NEET 2021,4.6,16
Marrow,Previous Year Question Papers,PHARMACOLOGY,Pharmacology INI-CET 2022,4.6,57
Marrow,Previous Year Question Papers,PHARMACOLOGY,Pharmacology NEET 2022,4.6,15
Marrow,Previous Year Question Papers,PHARMACOLOGY,Pharmacology NEET 2023,4.6,12
Marrow,Previous Year Question Papers,PHARMACOLOGY,Pharmacology INI-CET 2023,4.6,34
Marrow,Previous Year Question Papers,PHARMACOLOGY,Pharmacology INI-CET 2024,4.6,24
Marrow,Previous Year Question Papers,PHARMACOLOGY,Pharmacology NEET 2024,4.6,24
Marrow,Previous Year Question Papers,PHARMACOLOGY,Pharmacology INI-CET 2025,4.6,26
Marrow,Previous Year Question Papers,PHARMACOLOGY,Pharmacology NEET 2025,4.6,6
Marrow,Previous Year Question Papers,MICROBIOLOGY,Microbiology AIIMS 2017,4.5,28
Marrow,Previous Year Question Papers,MICROBIOLOGY,Microbiology AIIMS 2018,4.5,24
Marrow,Previous Year Question Papers,MICROBIOLOGY,Microbiology AIIMS 2019 (May & Nov),4.5,19
Marrow,Previous Year Question Papers,MICROBIOLOGY,Microbiology AIIMS 2020 (May and Nov INI-CET),4.6,37
Marrow,Previous Year Question Papers,MICROBIOLOGY,Microbiology NEET 2018,4.5,18
Marrow,Previous Year Question Papers,MICROBIOLOGY,Microbiology NEET 2019,4.5,23
Marrow,Previous Year Question Papers,MICROBIOLOGY,Microbiology NEET 2020,4.6,20
Marrow,Previous Year Question Papers,MICROBIOLOGY,Microbiology INI-CET 2021,4.6,25
Marrow,Previous Year Question Papers,MICROBIOLOGY,Microbiology NEET 2021,4.6,11
Marrow,Previous Year Question Papers,MICROBIOLOGY,Microbiology INI-CET 2022,4.6,45
Marrow,Previous Year Question Papers,MICROBIOLOGY,Microbiology NEET 2022,4.6,11
Marrow,Previous Year Question Papers,MICROBIOLOGY,Microbiology NEET 2023,4.6,13
Marrow,Previous Year Question Papers,MICROBIOLOGY,Microbiology INI-CET 2023,4.6,34
Marrow,Previous Year Question Papers,MICROBIOLOGY,Microbiology INI-CET 2024,4.6,37
Marrow,Previous Year Question Papers,MICROBIOLOGY,Microbiology NEET 2024,4.6,24
Marrow,Previous Year Question Papers,MICROBIOLOGY,Microbiology INI-CET 2025,4.6,33
Marrow,Previous Year Question Papers,MICROBIOLOGY,Microbiology NEET 2025,4.7,13
Marrow,Previous Year Question Papers,PATHOLOGY,Pathology AIIMS 2017,4.5,34
Marrow,Previous Year Question Papers,PATHOLOGY,Pathology AIIMS 2018,4.5,22
Marrow,Previous Year Question Papers,PATHOLOGY,Pathology AIIMS 2019 (May & Nov),4.5,33
Marrow,Previous Year Question Papers,PATHOLOGY,Pathology AIIMS 2020 (May and Nov INI-CET),4.6,34
Marrow,Previous Year Question Papers,PATHOLOGY,Pathology NEET 2018,4.5,20
Marrow,Previous Year Question Papers,PATHOLOGY,Pathology NEET 2019,4.5,19
Marrow,Previous Year Question Papers,PATHOLOGY,Pathology NEET 2020,4.6,26
Marrow,Previous Year Question Papers,PATHOLOGY,Pathology INI-CET 2021,4.6,34
Marrow,Previous Year Question Papers,PATHOLOGY,Pathology NEET 2021,4.6,15
Marrow,Previous Year Question Papers,PATHOLOGY,Pathology INI-CET 2022,4.6,57
Marrow,Previous Year Question Papers,PATHOLOGY,Pathology NEET 2022,4.6,10
Marrow,Previous Year Question Papers,PATHOLOGY,Pathology NEET 2023,4.6,12
Marrow,Previous Year Question Papers,PATHOLOGY,Pathology INI-CET 2023,4.6,41
Marrow,Previous Year Question Papers,PATHOLOGY,Pathology INI-CET 2024,4.6,31
Marrow,Previous Year Question Papers,PATHOLOGY,Pathology NEET 2024,4.6,33
Marrow,Previous Year Question Papers,PATHOLOGY,Pathology INI-CET 2025,4.6,27
Marrow,Previous Year Question Papers,PATHOLOGY,Pathology NEET 2025,4.6,15
Marrow,Previous Year Question Papers,COMMUNITY MEDICINE,Community Medicine AIIMS 2017,4.6,23
Marrow,Previous Year Question Papers,COMMUNITY MEDICINE,Community Medicine AIIMS 2018,4.6,32
Marrow,Previous Year Question Papers,COMMUNITY MEDICINE,Community Medicine AIIMS 2019 (May & Nov),4.5,27
Marrow,Previous Year Question Papers,COMMUNITY MEDICINE,Community Medicine AIIMS 2020 (May and Nov INI-CET),4.6,21
Marrow,Previous Year Question Papers,COMMUNITY MEDICINE,Community Medicine NEET 2018,4.5,23
Marrow,Previous Year Question Papers,COMMUNITY MEDICINE,Community Medicine NEET 2019,4.5,24
Marrow,Previous Year Question Papers,COMMUNITY MEDICINE,Community Medicine NEET 2020,4.6,23
Marrow,Previous Year Question Papers,COMMUNITY MEDICINE,Community Medicine INI-CET 2021,4.6,26
Marrow,Previous Year Question Papers,COMMUNITY MEDICINE,Community Medicine NEET 2021,4.6,17
Marrow,Previous Year Question Papers,COMMUNITY MEDICINE,Community Medicine INI-CET 2022,4.6,31
Marrow,Previous Year Question Papers,COMMUNITY MEDICINE,Community medicine NEET 2022,4.6,12
Marrow,Previous Year Question Papers,COMMUNITY MEDICINE,Community Medicine NEET 2023,4.6,15
Marrow,Previous Year Question Papers,COMMUNITY MEDICINE,Community Medicine INI-CET 2023,4.5,22
Marrow,Previous Year Question Papers,COMMUNITY MEDICINE,Community Medicine INI-CET 2024,4.6,15
Marrow,Previous Year Question Papers,COMMUNITY MEDICINE,Community Medicine NEET 2024,4.6,33
Marrow,Previous Year Question Papers,COMMUNITY MEDICINE,Community Medicine INI-CET 2025,4.6,26
Marrow,Previous Year Question Papers,COMMUNITY MEDICINE,Community Medicine NEET 2025,4.6,17
Marrow,Previous Year Question Papers,FORENSIC MEDICINE,Forensic Medicine AIIMS 2017,4.5,14
Marrow,Previous Year Question Papers,FORENSIC MEDICINE,Forensic Medicine AIIMS 2018,4.5,19
Marrow,Previous Year Question Papers,FORENSIC MEDICINE,Forensic Medicine AIIMS 2019 (May & Nov),4.6,7
Marrow,Previous Year Question Papers,FORENSIC MEDICINE,Forensic Medicine AIIMS 2020 (May and Nov INI-CET),4.6,18
Marrow,Previous Year Question Papers,FORENSIC MEDICINE,Forensic Medicine NEET 2018,4.5,11
Marrow,Previous Year Question Papers,FORENSIC MEDICINE,Forensic Medicine NEET 2019,4.5,11
Marrow,Previous Year Question Papers,FORENSIC MEDICINE,Forensic Medicine NEET 2020,4.6,8
Marrow,Previous Year Question Papers,FORENSIC MEDICINE,Forensic Medicine INI-CET 2021,4.6,18
Marrow,Previous Year Question Papers,FORENSIC MEDICINE,Forensic Medicine NEET 2021,4.6,10
Marrow,Previous Year Question Papers,FORENSIC MEDICINE,Forensic Medicine INI-CET 2022,4.7,28
Marrow,Previous Year Question Papers,FORENSIC MEDICINE,Forensic Medicine NEET 2022,4.7,8
Marrow,Previous Year Question Papers,FORENSIC MEDICINE,Forensic Medicine NEET 2023,4.6,8
Marrow,Previous Year Question Papers,FORENSIC MEDICINE,Forensic Medicine INI-CET 2023,4.6,20
Marrow,Previous Year Question Papers,FORENSIC MEDICINE,Forensic Medicine INI-CET 2024,4.6,12
Marrow,Previous Year Question Papers,FORENSIC MEDICINE,Forensic Medicine NEET 2024,4.7,18
Marrow,Previous Year Question Papers,FORENSIC MEDICINE,Forensic Medicine INI-CET 2025,4.6,21
Marrow,Previous Year Question Papers,FORENSIC MEDICINE,Forensic Medicine NEET 2025,4.6,6
Marrow,Previous Year Question Papers,OPHTHALMOLOGY,Ophthalmology AIIMS 2017,4.6,15
Marrow,Previous Year Question Papers,OPHTHALMOLOGY,Ophthalmology AIIMS 2018,4.5,19
Marrow,Previous Year Question Papers,OPHTHALMOLOGY,Ophthalmology AIIMS 2019 (May & Nov),4.5,11
Marrow,Previous Year Question Papers,OPHTHALMOLOGY,Ophthalmology AIIMS 2020 (May and Nov INI-CET),4.6,8
Marrow,Previous Year Question Papers,OPHTHALMOLOGY,Ophthalmology NEET 2018,4.5,12
Marrow,Previous Year Question Papers,OPHTHALMOLOGY,Ophthalmology NEET 2019,4.6,11
Marrow,Previous Year Question Papers,OPHTHALMOLOGY,Ophthalmology NEET 2020,4.6,11
Marrow,Previous Year Question Papers,OPHTHALMOLOGY,Ophthalmology INI-CET 2021,4.6,13
Marrow,Previous Year Question Papers,OPHTHALMOLOGY,Ophthalmology NEET 2021,4.6,8
Marrow,Previous Year Question Papers,OPHTHALMOLOGY,Ophthalmology INICET 2022,4.6,21
Marrow,Previous Year Question Papers,OPHTHALMOLOGY,Ophthalmology NEET 2022,4.6,6
Marrow,Previous Year Question Papers,OPHTHALMOLOGY,Ophthalmology NEET 2023,4.6,8
Marrow,Previous Year Question Papers,OPHTHALMOLOGY,Ophthalmology INI-CET 2023,4.6,11
Marrow,Previous Year Question Papers,OPHTHALMOLOGY,Ophthalmology INI-CET 2024,4.6,22
Marrow,Previous Year Question Papers,OPHTHALMOLOGY,Ophthalmology NEET 2024,4.7,14
Marrow,Previous Year Question Papers,OPHTHALMOLOGY,Ophthalmology INI-CET 2025,4.6,13
Marrow,Previous Year Question Papers,OPHTHALMOLOGY,Ophthalmology NEET 2025,4.6,6
Marrow,Previous Year Question Papers,ENT AIIMS 2017,ENT AIIMS 2017,4.6,9
Marrow,Previous Year Question Papers,ENT AIIMS 2018,ENT AIIMS 2018,4.6,8
Marrow,Previous Year Question Papers,ENT AIIMS 2018,ENT AIIMS 2019 (May & Nov),4.5,5
Marrow,Previous Year Question Papers,ENT AIIMS 2018,ENT AIIMS 2020 (May and Nov INI-CET),4.6,12
Marrow,Previous Year Question Papers,ENT NEET 2018,ENT NEET 2018,4.6,6
Marrow,Previous Year Question Papers,ENT NEET 2019,ENT NEET 2019,4.6,6
Marrow,Previous Year Question Papers,ENT NEET 2020,ENT NEET 2020,4.6,8
Marrow,Previous Year Question Papers,ENT INICET 2021,ENT INICET 2021,4.6,10
Marrow,Previous Year Question Papers,ENT NEET 2021,ENT NEET 2021,4.7,6
Marrow,Previous Year Question Papers,ENT INICET 2022,ENT INICET 2022,4.6,14
Marrow,Previous Year Question Papers,ENT NEET 2022,ENT NEET 2022,4.6,9
Marrow,Previous Year Question Papers,ENT NEET 2023,ENT NEET 2023,4.6,6
Marrow,Previous Year Question Papers,ENT INICET 2023,ENT INICET 2023,4.6,14
Marrow,Previous Year Question Papers,ENT INI-CET 2024,ENT INI-CET 2024,4.6,13
Marrow,Previous Year Question Papers,ENT NEET 2024,ENT NEET 2024,4.6,13
Marrow,Previous Year Question Papers,ENT INI-CET 2025,ENT INI-CET 2025,4.6,10
Marrow,Previous Year Question Papers,ENT NEET 2025,ENT NEET 2025,4.6,8
Marrow,Previous Year Question Papers,ANESTHESIA,Anesthesia AIIMS 2017,4.5,7
Marrow,Previous Year Question Papers,ANESTHESIA,Anesthesia AIIMS 2018,4.5,4
Marrow,Previous Year Question Papers,ANESTHESIA,Anesthesia AIIMS 2019 (May & Nov),4.5,7
Marrow,Previous Year Question Papers,ANESTHESIA,Anesthesia AIIMS 2020 (May and Nov INI-CET),4.6,8
Marrow,Previous Year Question Papers,ANESTHESIA,Anesthesia NEET 2018,4.6,7
Marrow,Previous Year Question Papers,ANESTHESIA,Anesthesia NEET 2019,4.5,6
Marrow,Previous Year Question Papers,ANESTHESIA,Anesthesia NEET 2020,4.6,4
Marrow,Previous Year Question Papers,ANESTHESIA,Anesthesia INI-CET 2021,4.6,14
Marrow,Previous Year Question Papers,ANESTHESIA,Anesthesia NEET 2021,4.6,5
Marrow,Previous Year Question Papers,ANESTHESIA,Anesthesia INI-CET 2022,4.6,4
Marrow,Previous Year Question Papers,ANESTHESIA,Anesthesia NEET 2022,4.6,2
Marrow,Previous Year Question Papers,ANESTHESIA,Anesthesia NEET 2023,4.6,3
Marrow,Previous Year Question Papers,ANESTHESIA,Anesthesia INI-CET 2023,4.6,6
Marrow,Previous Year Question Papers,ANESTHESIA,Anesthesia INI-CET 2024,4.6,12
Marrow,Previous Year Question Papers,ANESTHESIA,Anesthesia NEET 2024,4.6,14
Marrow,Previous Year Question Papers,ANESTHESIA,Anesthesia INI-CET 2025,4.6,5
Marrow,Previous Year Question Papers,ANESTHESIA,Anesthesia NEET 2025,4.7,4
Marrow,Previous Year Question Papers,DERMATOLOGY,Dermatology AIIMS 2017,4.6,9
Marrow,Previous Year Question Papers,DERMATOLOGY,Dermatology AIIMS 2018,4.6,10
Marrow,Previous Year Question Papers,DERMATOLOGY,Dermatology AIIMS 2019 (May & Nov),4.6,10
Marrow,Previous Year Question Papers,DERMATOLOGY,Dermatology AIIMS 2020 (May and Nov INI-CET),4.6,12
Marrow,Previous Year Question Papers,DERMATOLOGY,Dermatology NEET 2018,4.5,7
Marrow,Previous Year Question Papers,DERMATOLOGY,Dermatology NEET 2019,4.5,8
Marrow,Previous Year Question Papers,DERMATOLOGY,Dermatology NEET 2020,4.6,5
Marrow,Previous Year Question Papers,DERMATOLOGY,Dermatology INI-CET 2021,4.6,13
Marrow,Previous Year Question Papers,DERMATOLOGY,Dermatology NEET 2021,4.6,6
Marrow,Previous Year Question Papers,DERMATOLOGY,Dermatology INI-CET 2022,4.6,16
Marrow,Previous Year Question Papers,DERMATOLOGY,Dermatology NEET 2022,4.6,7
Marrow,Previous Year Question Papers,DERMATOLOGY,Dermatology NEET 2023,4.7,4
Marrow,Previous Year Question Papers,DERMATOLOGY,Dermatology INI-CET 2023,4.7,13
Marrow,Previous Year Question Papers,DERMATOLOGY,Dermatology INI-CET 2024,4.6,7
Marrow,Previous Year Question Papers,DERMATOLOGY,Dermatology NEET 2024,4.6,12
Marrow,Previous Year Question Papers,DERMATOLOGY,Dermatology INI-CET 2025,4.6,10
Marrow,Previous Year Question Papers,DERMATOLOGY,Dermatology NEET 2025,4.6,7
Marrow,Previous Year Question Papers,PSYCHIATRY,Psychiatry AIIMS 2017,4.5,9
Marrow,Previous Year Question Papers,PSYCHIATRY,Psychiatry AIIMS 2018,4.5,9
Marrow,Previous Year Question Papers,PSYCHIATRY,Psychiatry AIIMS 2019 (May & Nov),4.5,8
Marrow,Previous Year Question Papers,PSYCHIATRY,Psychiatry AIIMS 2020 (May and Nov INI-CET),4.6,13
Marrow,Previous Year Question Papers,PSYCHIATRY,Psychiatry NEET 2018,4.6,10
Marrow,Previous Year Question Papers,PSYCHIATRY,Psychiatry NEET 2019,4.6,7
Marrow,Previous Year Question Papers,PSYCHIATRY,Psychiatry NEET 2020,4.6,8
Marrow,Previous Year Question Papers,PSYCHIATRY,Psychiatry INI-CET 2021,4.6,7
Marrow,Previous Year Question Papers,PSYCHIATRY,Psychiatry NEET 2021,4.6,5
Marrow,Previous Year Question Papers,PSYCHIATRY,Psychiatry INI-CET 2022,4.6,11
Marrow,Previous Year Question Papers,PSYCHIATRY,Psychiatry NEET 2022,4.7,2
Marrow,Previous Year Question Papers,PSYCHIATRY,Psychiatry NEET 2023,4.7,5
Marrow,Previous Year Question Papers,PSYCHIATRY,Psychiatry INI-CET 2023,4.6,7
Marrow,Previous Year Question Papers,PSYCHIATRY,Psychiatry INI-CET 2024,4.6,5
Marrow,Previous Year Question Papers,PSYCHIATRY,Psychiatry NEET 2024,4.6,9
Marrow,Previous Year Question Papers,PSYCHIATRY,Psychiatry INI-CET 2025,4.5,8
Marrow,Previous Year Question Papers,PSYCHIATRY,Psychiatry NEET 2025,4.6,6
Marrow,Previous Year Question Papers,RADIOLOGY,Radiology AIIMS 2017,4.5,7
Marrow,Previous Year Question Papers,RADIOLOGY,Radiology AIIMS 2018,4.6,11
Marrow,Previous Year Question Papers,RADIOLOGY,Radiology AIIMS 2019 (May & Nov),4.5,4
Marrow,Previous Year Question Papers,RADIOLOGY,Radiology AIIMS 2020 (May and Nov INI-CET),4.6,6
Marrow,Previous Year Question Papers,RADIOLOGY,Radiology NEET 2018,4.6,12
Marrow,Previous Year Question Papers,RADIOLOGY,Radiology NEET 2019,4.5,8
Marrow,Previous Year Question Papers,RADIOLOGY,Radiology NEET 2020,4.6,8
Marrow,Previous Year Question Papers,RADIOLOGY,Radiology INI-CET 2021,4.6,11
Marrow,Previous Year Question Papers,RADIOLOGY,Radiology NEET 2021,4.6,5
Marrow,Previous Year Question Papers,RADIOLOGY,Radiology INI-CET 2022,4.6,14
Marrow,Previous Year Question Papers,RADIOLOGY,Radiology NEET 2022,4.6,2
Marrow,Previous Year Question Papers,RADIOLOGY,Radiology NEET 2023,4.6,4
Marrow,Previous Year Question Papers,RADIOLOGY,Radiology INI-CET 2023,4.6,8
Marrow,Previous Year Question Papers,RADIOLOGY,Radiology INI-CET 2024,4.6,6
Marrow,Previous Year Question Papers,RADIOLOGY,Radiology NEET 2024,4.6,14
Marrow,Previous Year Question Papers,RADIOLOGY,Radiology INI-CET 2025,4.6,7
Marrow,Previous Year Question Papers,RADIOLOGY,Radiology NEET 2025,4.6,5
Marrow,Previous Year Question Papers,MEDICINE,Medicine AIIMS 2017,4.6,44
Marrow,Previous Year Question Papers,MEDICINE,Medicine AIIMS 2018,4.6,38
Marrow,Previous Year Question Papers,MEDICINE,Medicine AIIMS 2019 (May & Nov),4.6,24
Marrow,Previous Year Question Papers,MEDICINE,Medicine AIIMS 2020 (May and Nov INI-CET),4.6,31
Marrow,Previous Year Question Papers,MEDICINE,Medicine NEET 2018,4.5,29
Marrow,Previous Year Question Papers,MEDICINE,Medicine NEET 2019,4.5,25
Marrow,Previous Year Question Papers,MEDICINE,Medicine NEET 2020,4.6,23
Marrow,Previous Year Question Papers,MEDICINE,Medicine INI-CET 2021,4.5,28
Marrow,Previous Year Question Papers,MEDICINE,Medicine NEET 2021,4.6,21
Marrow,Previous Year Question Papers,MEDICINE,Medicine INI-CET 2022,4.6,62
Marrow,Previous Year Question Papers,MEDICINE,Medicine NEET 2022,4.6,23
Marrow,Previous Year Question Papers,MEDICINE,Medicine NEET 2023,4.6,17
Marrow,Previous Year Question Papers,MEDICINE,Medicine INI-CET 2023,4.6,38
Marrow,Previous Year Question Papers,MEDICINE,Medicine INI-CET 2024,4.6,44
Marrow,Previous Year Question Papers,MEDICINE,Medicine NEET 2024,4.6,41
Marrow,Previous Year Question Papers,MEDICINE,Medicine INI-CET 2025,4.6,49
Marrow,Previous Year Question Papers,MEDICINE,Medicine NEET 2025,4.6,25
Marrow,Previous Year Question Papers,SURGERY,Surgery AIIMS 2017,4.6,30
Marrow,Previous Year Question Papers,SURGERY,Surgery AIIMS 2018,4.6,20
Marrow,Previous Year Question Papers,SURGERY,Surgery AIIMS 2019 (May & Nov),4.6,33
Marrow,Previous Year Question Papers,SURGERY,Surgery AIIMS 2020 (May and Nov INI-CET),4.6,41
Marrow,Previous Year Question Papers,SURGERY,Surgery NEET 2018,4.6,26
Marrow,Previous Year Question Papers,SURGERY,Surgery NEET 2019,4.6,22
Marrow,Previous Year Question Papers,SURGERY,Surgery NEET 2020,4.6,26
Marrow,Previous Year Question Papers,SURGERY,Surgery INI-CET 2021,4.6,29
Marrow,Previous Year Question Papers,SURGERY,Surgery NEET 2021,4.6,18
Marrow,Previous Year Question Papers,SURGERY,Surgery INI-CET 2022,4.6,48
Marrow,Previous Year Question Papers,SURGERY,Surgery NEET 2022,4.6,25
Marrow,Previous Year Question Papers,SURGERY,Surgery NEET 2023,4.6,27
Marrow,Previous Year Question Papers,SURGERY,Surgery INI-CET 2023,4.6,30
Marrow,Previous Year Question Papers,SURGERY,Surgery INI-CET 2024,4.6,33
Marrow,Previous Year Question Papers,SURGERY,Surgery NEET 2024,4.6,37
Marrow,Previous Year Question Papers,SURGERY,Surgery INI-CET 2025,4.6,39
Marrow,Previous Year Question Papers,SURGERY,Surgery NEET 2025,4.6,18
Marrow,Previous Year Question Papers,ORTHOPEDICS,Orthopedics AIIMS 2017,4.6,20
Marrow,Previous Year Question Papers,ORTHOPEDICS,Orthopedics AIIMS 2018,4.6,12
Marrow,Previous Year Question Papers,ORTHOPEDICS,Orthopedics AIIMS 2019 (May & Nov),4.6,15
Marrow,Previous Year Question Papers,ORTHOPEDICS,Orthopedics AIIMS 2020 (May and Nov INI-CET),4.6,15
Marrow,Previous Year Question Papers,ORTHOPEDICS,Orthopedics NEET 2018,4.5,10
Marrow,Previous Year Question Papers,ORTHOPEDICS,Orthopedics NEET 2019,4.5,9
Marrow,Previous Year Question Papers,ORTHOPEDICS,Orthopedics NEET 2020,4.6,6
Marrow,Previous Year Question Papers,ORTHOPEDICS,Orthopedics INI-CET 2021,4.6,14
Marrow,Previous Year Question Papers,ORTHOPEDICS,Orthopedics NEET 2021,4.7,6
Marrow,Previous Year Question Papers,ORTHOPEDICS,Orthopedics INI-CET 2022,4.6,17
Marrow,Previous Year Question Papers,ORTHOPEDICS,Orthopedics NEET 2022,4.6,7
Marrow,Previous Year Question Papers,ORTHOPEDICS,Orthopedics NEET 2023,4.6,6
Marrow,Previous Year Question Papers,ORTHOPEDICS,Orthopedics INI-CET 2023,4.7,11
Marrow,Previous Year Question Papers,ORTHOPEDICS,Orthopedics INI-CET 2024,4.6,11
Marrow,Previous Year Question Papers,ORTHOPEDICS,Orthopedics NEET 2024,4.6,16
Marrow,Previous Year Question Papers,ORTHOPEDICS,Orthopedics INI-CET 2025,4.6,10
Marrow,Previous Year Question Papers,ORTHOPEDICS,Orthopedics NEET 2025,4.7,8
Marrow,Previous Year Question Papers,PEDIATRICS,Pediatrics AIIMS 2017,4.6,13
Marrow,Previous Year Question Papers,PEDIATRICS,Pediatrics AIIMS 2018,4.5,16
Marrow,Previous Year Question Papers,PEDIATRICS,Pediatrics AIIMS 2019 (May & Nov),4.5,13
Marrow,Previous Year Question Papers,PEDIATRICS,Pediatrics AIIMS 2020 (May and Nov INI-CET),4.6,13
Marrow,Previous Year Question Papers,PEDIATRICS,Pediatrics NEET 2018,4.5,13
Marrow,Previous Year Question Papers,PEDIATRICS,Pediatrics NEET 2019,4.5,17
Marrow,Previous Year Question Papers,PEDIATRICS,Pediatrics NEET 2020,4.6,10
Marrow,Previous Year Question Papers,PEDIATRICS,Pediatrics INI-CET 2021,4.6,11
Marrow,Previous Year Question Papers,PEDIATRICS,Pediatrics NEET 2021,4.6,8
Marrow,Previous Year Question Papers,PEDIATRICS,Pediatrics INI-CET 2022,4.6,23
Marrow,Previous Year Question Papers,PEDIATRICS,Pediatrics NEET 2022,4.6,14
Marrow,Previous Year Question Papers,PEDIATRICS,Pediatrics NEET 2023,4.6,10
Marrow,Previous Year Question Papers,PEDIATRICS,Pediatrics INI-CET 2023,4.6,17
Marrow,Previous Year Question Papers,PEDIATRICS,Pediatrics INI-CET 2024,4.6,25
Marrow,Previous Year Question Papers,PEDIATRICS,Pediatrics NEET 2024,4.6,8
Marrow,Previous Year Question Papers,PEDIATRICS,Pediatrics INI-CET 2025,4.6,24
Marrow,Previous Year Question Papers,PEDIATRICS,Pediatrics NEET 2025,4.6,7
Marrow,Previous Year Question Papers,OBSTETRICS AND GYNECOLOGY,Obstetrics and Gynecology AIIMS 2017,4.6,35
Marrow,Previous Year Question Papers,OBSTETRICS AND GYNECOLOGY,Obstetrics and Gynecology AIIMS 2018,4.5,35
Marrow,Previous Year Question Papers,OBSTETRICS AND GYNECOLOGY,Obstetrics and Gynecology AIIMS 2019 (May & Nov),4.5,18
Marrow,Previous Year Question Papers,OBSTETRICS AND GYNECOLOGY,Obstetrics and Gynecology AIIMS 2020 (May and Nov INI-CET),4.6,23
Marrow,Previous Year Question Papers,OBSTETRICS AND GYNECOLOGY,Obstetrics and Gynecology NEET 2018,4.5,25
Marrow,Previous Year Question Papers,OBSTETRICS AND GYNECOLOGY,Obstetrics and Gynecology NEET 2019,4.6,26
Marrow,Previous Year Question Papers,OBSTETRICS AND GYNECOLOGY,Obstetrics and Gynecology NEET 2020,4.6,28
Marrow,Previous Year Question Papers,OBSTETRICS AND GYNECOLOGY,Obstetrics and Gynecology INICET 2021,4.7,42
Marrow,Previous Year Question Papers,OBSTETRICS AND GYNECOLOGY,Obstetrics & Gynecology NEET 2021,4.6,19
Marrow,Previous Year Question Papers,OBSTETRICS AND GYNECOLOGY,Obstetrics and Gynecology INICET 2022,4.6,52
Marrow,Previous Year Question Papers,OBSTETRICS AND GYNECOLOGY,Obstetrics and Gynecology NEET 2022,4.6,25
Marrow,Previous Year Question Papers,OBSTETRICS AND GYNECOLOGY,Obstetrics and Gynecology NEET 2023,4.6,18
Marrow,Previous Year Question Papers,OBSTETRICS AND GYNECOLOGY,Obstetrics and Gynecology INI-CET 2023,4.5,28
Marrow,Previous Year Question Papers,OBSTETRICS AND GYNECOLOGY,Obstetrics and Gynecology INI-CET 2024,4.6,29
Marrow,Previous Year Question Papers,OBSTETRICS AND GYNECOLOGY,Obstetrics and Gynecology NEET 2024,4.6,45
Marrow,Previous Year Question Papers,OBSTETRICS AND GYNECOLOGY,Obstetrics and Gynecology INI-CET 2025,4.6,23
Marrow,Previous Year Question Papers,OBSTETRICS AND GYNECOLOGY,Obstetrics and Gynecology NEET 2025,4.7,23