prof,subject,module,mcq_count
Prof 1,Anatomy,Gametogenesis and IVF,30
Prof 1,Anatomy,Fertilization & Early Embryonic Development (First 2 Weeks),12
Prof 1,Anatomy,Development Period,10
Prof 1,Anatomy,General Embryology,27
Prof 1,Anatomy,Previous Year Questions,41
Prof 1,Anatomy,Tissue Histology- I,19
Prof 1,Anatomy,Tissue Histology- II,20
Prof 1,Anatomy,Tissue Histology- III,10
Prof 1,Anatomy,Integumentary & Special Sensory Histology,6
Prof 1,Anatomy,Previous Year Questions,24
Prof 1,Anatomy,Osteology and Arthrology - I,15
Prof 1,Anatomy,Osteology and Arthrology - II,12
Prof 1,Anatomy,Previous Year Questions,6
Prof 1,Anatomy,Nervous System Development,21
Prof 1,Anatomy,Neuroendocrine Histology & Microscopic Anatomy,6
Prof 1,Anatomy,"Ventricular System, White Matter, and Neural Columns",16
Prof 1,Anatomy,Cerebrum and Associated Structures,17
Prof 1,Anatomy,"Deep Brain Structures: Basal Ganglia, Thalamus & Limbic System",9
Prof 1,Anatomy,"Brainstem, Cranial Nerves, and Cerebellum - I",26
Prof 1,Anatomy,"Brainstem, Cranial Nerves, and Cerebellum - II",18
Prof 1,Anatomy,Blood Supply of the Brain,9
Prof 1,Anatomy,"Applied Neuroanatomy: Tracts, Brainstem & Autonomic System",25
Prof 1,Anatomy,Previous Year Questions,49
Prof 1,Anatomy,"Pharyngeal Arches, Pouches and Clefts",23
Prof 1,Anatomy,"Head & Neck Anatomy: Skull, Foramina & Scalp",12
Prof 1,Anatomy,Skull Bones and Cranial Cavity- Part I,12
Prof 1,Anatomy,Cranial Cavity- Part II,16
Prof 1,Anatomy,Cranial Nerves and Cervical Plexus,28
Prof 1,Anatomy,"Scalenus Anterior, Head and Neck Vasculature and Lymphatic Drainage",17
Prof 1,Anatomy,"Scalp, Neck Triangles and Parotid Gland",15
Prof 1,Anatomy,"Pharynx, Esophagus, and Larynx - I",22
Prof 1,Anatomy,"Pharynx, Esophagus, and Larynx - II",5
Prof 1,Anatomy,"Anatomy of Ear, Nose, and Eyeball",11
Prof 1,Anatomy,Previous Year Questions,74
Prof 1,Anatomy,Upper Limb Embryology and Nerves,13
Prof 1,Anatomy,Upper Limb Joints: Anatomy & Clinical Correlations,11
Prof 1,Anatomy,Brachial Plexus and Nerves,8
Prof 1,Anatomy,Muscles and Bones of Forearm and Hand,18
Prof 1,Anatomy,"Bones and Muscles of Proximal Region, Axilla, and Scapula",13
Prof 1,Anatomy,Upper Limb: Nerve Supply and their Lesions,17
Prof 1,Anatomy,"Upper Limb: Arterial supply, Venous Drainage, Lymphatic Drainage, & Hand Spaces",15
Prof 1,Anatomy,Previous Year Questions,47
Prof 1,Anatomy,"Muscles and Nerve Supply of the Hip, Thigh, and Gluteal Region",25
Prof 1,Anatomy,Lower limb: Bones & Joints,14
Prof 1,Anatomy,Lower Limb Anatomy: Knee and Leg,20
Prof 1,Anatomy,Vascular Supply of Lower Limb,24
Prof 1,Anatomy,Muscles & Other Important Structures of the Lower Limb,15
Prof 1,Anatomy,Previous Year Questions,36
Prof 1,Anatomy,Development of the Cardiovascular System and Fetal Circulation,12
Prof 1,Anatomy,"Respiratory Anatomy: Lungs, Pleura & Diaphragm",4
Prof 1,Anatomy,"Histology of Vascular, Lymphoid & Respiratory Systems",4
Prof 1,Anatomy,Heart and Thorax Anatomy - I,30
Prof 1,Anatomy,Heart and Thorax Anatomy - II,3
Prof 1,Anatomy,"Thorax: Lungs, Joints, Respiratory Movements",20
Prof 1,Anatomy,Previous Year Questions,26
Prof 1,Anatomy,Embryology of Abdominal Organs,24
Prof 1,Anatomy,Histology of Abdominal & Reproductive Organs,7
Prof 1,Anatomy,Inguinal and Femoral Anatomy and Hernia; Abdominal Wall Layers; Peritoneal Cavity,14
Prof 1,Anatomy,"Abdomen Arterial Supply, Venous Drainage of Thorax and Abdomen",17
Prof 1,Anatomy,Anatomy: Abdominal Organs,12
Prof 1,Anatomy,"Anatomy: Pancreas, Kidney, and Ureter",10
Prof 1,Anatomy,Abdominal Neurovascular Bundles,8
Prof 1,Anatomy,Previous Year Questions,30
Prof 1,Anatomy,"Development of GUT, Pelvis & Perineum",20
Prof 1,Anatomy,"Pelvis, Perineum & Inguinal Region Anatomy",7
Prof 1,Anatomy,"Neurovascular Anatomy of Pelvis, Perineum, Rectum, and Anal Canal",14
Prof 1,Anatomy,"Perineal Pouches and Ischiorectal Fossa, Extravasation of Urine",8
Prof 1,Anatomy,"Prostate, Male Urethra, and Female Reproductive System",12
Prof 1,Anatomy,Previous Year Questions,20
Prof 1,Anatomy,Back Region,17
Prof 1,Anatomy,Previous Year Questions,3
Prof 1,Physiology,Synapse and Synaptic Inhibition,21
Prof 1,Physiology,Sensory Physiology & Pain - I,28
Prof 1,Physiology,Sensory Physiology & Pain - II,9
Prof 1,Physiology,Ascending and Descending Tracts of Spinal Cords,16
Prof 1,Physiology,Basal Ganglia and Cerebellum,27
Prof 1,Physiology,"Hypothalamus, Limbic System & Thalamus",10
Prof 1,Physiology,Special Senses,17
Prof 1,Physiology,"Sleep, Memory & Higher Brain Functions - I",11
Prof 1,Physiology,Previous Year Questions - Part 1,53
Prof 1,Physiology,Previous Year Questions - Part 2,50
Prof 1,Physiology,Exercise Physiology,25
Prof 1,Physiology,General Physiology,30
Prof 1,Physiology,Previous Year Questions,43
Prof 1,Physiology,Cell Physiology & Homeostasis,10
Prof 1,Physiology,Cell Signaling & Hormone Receptors,8
Prof 1,Physiology,Electrical Properties of Cell Membrane,6
Prof 1,Physiology,Nerve Physiology - I,27
Prof 1,Physiology,Nerve Physiology - II,15
Prof 1,Physiology,Functional Anatomy of Skeletal Muscle,33
Prof 1,Physiology,Motor unit & Smooth muscle,26
Prof 1,Physiology,Previous Year Questions,29
Prof 1,Physiology,Hemodynamics & Circulation - I,14
Prof 1,Physiology,Regulation of Blood Pressure,13
Prof 1,Physiology,Cardiac Conducting System and Action Potentials,18
Prof 1,Physiology,Cardiac Electrophysiology & ECG,11
Prof 1,Physiology,Cardiac Cycle and Cardiac Output - I,17
Prof 1,Physiology,Cardiac Cycle and Cardiac Output - II,11
Prof 1,Physiology,Previous Year Questions,28
Prof 1,Physiology,Blood Physiology,12
Prof 1,Physiology,Previous Year Questions,5
Prof 1,Physiology,Renal Physiology - I,26
Prof 1,Physiology,Renal Physiology - II,15
Prof 1,Physiology,Tubular Transport - I,20
Prof 1,Physiology,Tubular Transport - II,30
Prof 1,Physiology,Acid-Base Disorders - I,13
Prof 1,Physiology,Acid-Base Disorders - II,12
Prof 1,Physiology,Previous Year Questions,35
Prof 1,Physiology,Airway physiology - I,25
Prof 1,Physiology,Pulmonary Function Tests - I,14
Prof 1,Physiology,Pulmonary Function Tests - II,8
Prof 1,Physiology,Hemodynamics of Respiratory Gases - I,24
Prof 1,Physiology,Regulation of respiration,19
Prof 1,Physiology,"Hypoxia, Altitude, and Deep sea pressures",20
Prof 1,Physiology,Previous Year Questions - Part 1,66
Prof 1,Physiology,Previous Year Questions - Part 2,19
Prof 1,Physiology,GI Secretions & Hormonal Regulation - I,23
Prof 1,Physiology,GI Secretions & Hormonal Regulation - II,15
Prof 1,Physiology,GIT Motility,20
Prof 1,Physiology,Previous Year Questions,19
Prof 1,Physiology,Hormone Mechanism & Pituitary hormone,22
Prof 1,Physiology,Calcium & Vitamin D Physiology,12
Prof 1,Physiology,Reproductive Physiology,10
Prof 1,Physiology,Adrenal Physiology and Calcium Regulation,25
Prof 1,Physiology,Thyroid Hormones & Endocrine Pancreas,22
Prof 1,Physiology,Previous Year Questions,48
Prof 1,Physiology,Previous Year Questions,4
Prof 1,Physiology,Reproductive Physiology,10
Prof 1,Biochemistry,Previous Year Questions,14
Prof 1,Biochemistry,Carbohydrates,24
Prof 1,Biochemistry,Basic carbohydrate chemistry & metabolism tests,17
Prof 1,Biochemistry,"Fructose and galactose metabolism , HMP pathway",17
Prof 1,Biochemistry,Glycolysis and Pyruvate Metabolism,7
Prof 1,Biochemistry,"Fates of pyruvate, PDH complex, Electron Transport Chain",20
Prof 1,Biochemistry,GLUT transporters and Glycolysis,12
Prof 1,Biochemistry,Glycogen Metabolism and Glycogen Storage Disorders,24
Prof 1,Biochemistry,Citric Acid cycle and Gluconeogenesis,18
Prof 1,Biochemistry,Previous Year Questions,61
Prof 1,Biochemistry,Lipid Chemistry,19
Prof 1,Biochemistry,Fatty Acid Synthesis and Oxidation - I,24
Prof 1,Biochemistry,Fatty Acid Synthesis and Oxidation - II,8
Prof 1,Biochemistry,Cholesterol Metabolism & Lipoproteins - I,20
Prof 1,Biochemistry,Cholesterol Metabolism & Lipoproteins - II,6
Prof 1,Biochemistry,Previous Year Questions,46
Prof 1,Biochemistry,"Protein Chemistry, Hemoglobin, Myoglobin & EPP Chromatography",26
Prof 1,Biochemistry,"Amino acid Catabolism, Urea cycle and Hyperammonemia",26
Prof 1,Biochemistry,Amino Acid Metabolic disorder - I,27
Prof 1,Biochemistry,Amino Acid Metabolic disorder - II,12
Prof 1,Biochemistry,Urea Cycle: Enzymes and Inborn Errors,4
Prof 1,Biochemistry,Glycine and One carbon pool,15
Prof 1,Biochemistry,Previous Year Questions - Part 1,27
Prof 1,Biochemistry,Previous Year Questions - Part 2,28
Prof 1,Biochemistry,Heme Synthesis and Porphyrias,21
Prof 1,Biochemistry,Previous Year Questions,13
Prof 1,Biochemistry,Enzymes,26
Prof 1,Biochemistry,"Enzyme Kinetics, Inhibition & Regulation",7
Prof 1,Biochemistry,Previous Year Questions,21
Prof 1,Biochemistry,Previous Year Questions - Part 1,47
Prof 1,Biochemistry,Previous Year Questions - Part 2,48
Prof 1,Biochemistry,Purine & Pyrimidine Metabolism,8
Prof 1,Biochemistry,"DNA and Chromosome Biochemistry: Structure, Replication, and Repair",28
Prof 1,Biochemistry,"RNA Transcription, Genetic code mutation, Translation inhibitors",28
Prof 1,Biochemistry,PCR,11
Prof 1,Biochemistry,"Advanced Molecular Techniques: Recombinant DNA technology, Microarray, CRISPR, Lac operon",18
Prof 1,Biochemistry,Recombinant DNA Technology & Molecular Techniques,10
Prof 1,Biochemistry,Previous Year Questions,47
Prof 1,Biochemistry,Fat-soluble vitamins - I,21
Prof 1,Biochemistry,Fat-soluble vitamins - II,6
Prof 1,Biochemistry,Water-Soluble Vitamins - I,21
Prof 1,Biochemistry,"Folate, Vitamin B12 & Vitamin B6 Metabolism",6
Prof 1,Biochemistry,Previous Year Questions,66
Prof 2,Pathology,"Cell Injury, Free Radical Injury, and ER Stress Related",16
Prof 2,Pathology,Cell Death,24
Prof 2,Pathology,"Cell ageing, Autophagy and Cellular adaptations",26
Prof 2,Pathology,Hemodynamic Disorders & Thrombosis,10
Prof 2,Pathology,Intracellular Accumulations,12
Prof 2,Pathology,Previous Year Questions,25
Prof 2,Pathology,Acute Inflammation,26
Prof 2,Pathology,Chronic Inflammation,17
Prof 2,Pathology,Mediators of Inflammation,26
Prof 2,Pathology,Previous Year Questions,21
Prof 2,Pathology,Genetics- Introduction & Mendelian Disorders,13
Prof 2,Pathology,Mendelian Disorders & Lysosomal Storage Diseases,6
Prof 2,Pathology,Non-Mendelian Disorders,18
Prof 2,Pathology,Diagnosis of Genetic Disorders and Miscellaneous,24
Prof 2,Pathology,Previous Year Questions,44
Prof 2,Pathology,Classification and Features of Neoplasia,17
Prof 2,Pathology,Etiology of Neoplasia,35
Prof 2,Pathology,Diagnosis of Tumors and Paraneoplastic Syndromes,21
Prof 2,Pathology,Fundamentals of Neoplasia,28
Prof 2,Pathology,Previous Year Questions,31
Prof 2,Pathology,Types of Immunity,12
Prof 2,Pathology,Types of Hypersensitivity Reactions,12
Prof 2,Pathology,Immune Tolerance and Autoimmune Disease,32
Prof 2,Pathology,Immunodeficiency disorders,30
Prof 2,Pathology,Amyloidosis,13
Prof 2,Pathology,Transplant Immunity,10
Prof 2,Pathology,Previous Year Questions,37
Prof 2,Pathology,Sclerosis and Vascular Tumors,11
Prof 2,Pathology,"Atherosclerosis, Aneurysms & Vascular Disorders",12
Prof 2,Pathology,Ischemic Heart Disease and Myocardial Infarction,21
Prof 2,Pathology,RHD and Infective Endocarditis,13
Prof 2,Pathology,Carditis and Cardiac tumors,22
Prof 2,Pathology,Vasculitis,18
Prof 2,Pathology,Previous Year Questions,20
Prof 2,Pathology,Obstructive lung disease,12
Prof 2,Pathology,Pulmonary Hypertension and Lung Tumors,22
Prof 2,Pathology,Congenital Anomalies and Lung Infections,10
Prof 2,Pathology,Sarcoidosis and Occupational Lung Diseases,11
Prof 2,Pathology,Previous Year Questions,25
Prof 2,Pathology,Salivary Gland Pathology,8
Prof 2,Pathology,Previous Year Questions,3
Prof 2,Pathology,Basics of GIT and Esophagus,14
Prof 2,Pathology,"Peptic Ulcer Disease, Gastric Polyps, and Tumors - I",21
Prof 2,Pathology,"Peptic Ulcer Disease, Gastric Polyps, and Tumors - II",8
Prof 2,Pathology,Intestinal Polyps and Intestinal Carcinoma - I,14
Prof 2,Pathology,Intestinal Polyps and Intestinal Carcinoma - II,4
Prof 2,Pathology,"Malabsorption Syndrome, Celiac Disease, and IBD",14
Prof 2,Pathology,Previous Year Questions,27
Prof 2,Pathology,"Hepatic Injury, Hepatitis & Cirrhosis",25
Prof 2,Pathology,Hepatobiliary Pathology-I,25
Prof 2,Pathology,Hepatobiliary Pathology-II,13
Prof 2,Pathology,Hepatic Tumors and Pancreas,13
Prof 2,Pathology,Previous Year Questions,16
Prof 2,Pathology,Basics of Renal Pathology,16
Prof 2,Pathology,Nephritic and Nephrotic Syndromes,18
Prof 2,Pathology,Tubulointerstitial & Cystic Kidney Diseases,8
Prof 2,Pathology,Renal & Urinary Tract Tumors,16
Prof 2,Pathology,Previous Year Questions,17
Prof 2,Pathology,Pathology of Male Genital Tract,17
Prof 2,Pathology,Pathology of Female Genital Tract-I,12
Prof 2,Pathology,Pathology of Female Genital Tract-II,20
Prof 2,Pathology,Previous Year Questions,13
Prof 2,Pathology,Thyroid Gland,22
Prof 2,Pathology,"Parathyroid, Pituitary, and Adrenal Glands - I",14
Prof 2,Pathology,"Parathyroid, Pituitary, and Adrenal Glands - II",15
Prof 2,Pathology,Previous Year Questions,15
Prof 2,Pathology,Benign Breast Lesions,26
Prof 2,Pathology,Malignant Breast Lesions,25
Prof 2,Pathology,Previous Year Questions,6
Prof 2,Pathology,CNS Pathology,18
Prof 2,Pathology,CNS Tumours,10
Prof 2,Pathology,Previous Year Questions,17
Prof 2,Pathology,Skin pathology,14
Prof 2,Pathology,Previous Year Questions,9
Prof 2,Pathology,Introduction to Hematology,20
Prof 2,Pathology,Hemolytic Anemia-I,17
Prof 2,Pathology,Hemolytic Anemia-II,16
Prof 2,Pathology,Microcytic Hypochromic Anemia.,27
Prof 2,Pathology,Macrocytic Hypochromic & Normocytic Anemia,19
Prof 2,Pathology,Previous Year Questions,84
Prof 2,Pathology,CML and CLL,13
Prof 2,Pathology,Plasma Cell Disorders,15
Prof 2,Pathology,WBC Basics and Instruments,9
Prof 2,Pathology,ALL and AML,14
Prof 2,Pathology,Myeloid Disorders,14
Prof 2,Pathology,Hodgkin's and Non-Hodgkin's Lymphoma,42
Prof 2,Pathology,Non-Hodgkin's lymphoma: Low & High grade,7
Prof 2,Pathology,Previous Year Questions,49
Prof 2,Pathology,Platelet and Hemostasis Disorders,23
Prof 2,Pathology,Previous Year Questions,15
Prof 2,Pathology,Blood Banking and Transfusion Pathology,11
Prof 2,Pathology,Previous Year Questions,15
Prof 2,Pathology,Bone and Soft Tissue Pathology - I,20
Prof 2,Pathology,Previous Year Questions,5
Prof 2,Pathology,Previous Year Questions,24
Prof 2,Pharmacology,Pharmacokinetics - I,26
Prof 2,Pharmacology,Pharmacokinetics - II,19
Prof 2,Pharmacology,Pharmacokinetics - III,9
Prof 2,Pharmacology,Pharmacodynamics,38
Prof 2,Pharmacology,Clinical Trials and Miscellaneous,31
Prof 2,Pharmacology,Previous Year Questions,53
Prof 2,Pharmacology,ANS Introduction and Cholinergic Drugs,23
Prof 2,Pharmacology,Anti-Glaucoma Drugs,22
Prof 2,Pharmacology,Cholinergic System & Drugs,14
Prof 2,Pharmacology,Anticholinergic Drugs,28
Prof 2,Pharmacology,Sympathomimetics - I,24
Prof 2,Pharmacology,Sympathomimetics - II,14
Prof 2,Pharmacology,Sympatholytics,34
Prof 2,Pharmacology,Previous Year Questions,37
Prof 2,Pharmacology,Antihypertensives - I,23
Prof 2,Pharmacology,Antihypertensives - II,10
Prof 2,Pharmacology,Anti Anginal drugs,21
Prof 2,Pharmacology,Myocardial Infarction & Drugs for Heart Failure,27
Prof 2,Pharmacology,Hypolipidemic Drugs and Anti-Arrhythmic Drugs - I,22
Prof 2,Pharmacology,Hypolipidemic Drugs and Anti-Arrhythmic Drugs - II,27
Prof 2,Pharmacology,Previous Year Questions,57
Prof 2,Pharmacology,Diuretics and Antidiuretics - I,18
Prof 2,Pharmacology,Diuretics and Antidiuretics - II,16
Prof 2,Pharmacology,Renin-Angiotensin-Aldosterone System,5
Prof 2,Pharmacology,Previous Year Questions,25
Prof 2,Pharmacology,"Sedatives Hypnotics, Drugs for Insomnia, and Alcohol",18
Prof 2,Pharmacology,Anti Epileptic Drugs - I,18
Prof 2,Pharmacology,Anti-epileptic Drugs - II,10
Prof 2,Pharmacology,Antipsychotics and Antidepressants - I,17
Prof 2,Pharmacology,Antipsychotics and Antidepressants - II,12
Prof 2,Pharmacology,Antipsychotic Drugs,9
Prof 2,Pharmacology,Opioids,13
Prof 2,Pharmacology,Parkinson's Disease and Other Disorders,16
Prof 2,Pharmacology,Previous Year Questions,73
Prof 2,Pharmacology,Cell Wall Synthesis Inhibitors,20
Prof 2,Pharmacology,Beta-Lactam & Cell Wall Active Antibiotics,9
Prof 2,Pharmacology,Protein Synthesis Inhibitors - I,16
Prof 2,Pharmacology,Protein Synthesis Inhibitors - II,5
Prof 2,Pharmacology,Antimetabolites and Fluroquinolones,18
Prof 2,Pharmacology,Antiviral Drugs,29
Prof 2,Pharmacology,Anti-Parasitic and Anti Protozoal Drugs,20
Prof 2,Pharmacology,Antifungal Drugs,12
Prof 2,Pharmacology,Properties of Anti-microbial Agents,10
Prof 2,Pharmacology,Anti-Tubercular Drugs (ATT),8
Prof 2,Pharmacology,Anti-mycobacterial drugs,26
Prof 2,Pharmacology,"Cephalosporins, Carbapenems & Glycopeptides",9
Prof 2,Pharmacology,Previous Year Questions,74
Prof 2,Pharmacology,Antithyroid Drugs,10
Prof 2,Pharmacology,HPA Axis and Drugs acting on Bone and Osteoporosis,22
Prof 2,Pharmacology,Oral Hypoglycemic Drugs - I,22
Prof 2,Pharmacology,Oral Hypoglycemic Drugs - II,8
Prof 2,Pharmacology,Parenteral Hypoglycemic Drugs,12
Prof 2,Pharmacology,Corticosteroids and Sex Hormones,16
Prof 2,Pharmacology,Previous Year Questions,49
Prof 2,Pharmacology,Non Steroidal Anti Inflammatory Drugs,16
Prof 2,Pharmacology,"Histamine, Serotonin and Lipid Autocoids",18
Prof 2,Pharmacology,Gout and Rheumatoid Arthritis,17
Prof 2,Pharmacology,Previous Year Questions,32
Prof 2,Pharmacology,"Anti Platelets and Pro Platelets, Thrombolytics and Anti Thrombolytics",17
Prof 2,Pharmacology,Oral and Parenteral Anticoagulants - I,19
Prof 2,Pharmacology,Oral and Parenteral Anticoagulants - II,12
Prof 2,Pharmacology,"Hematinics, Iron, and Chelators",9
Prof 2,Pharmacology,Previous Year Questions,23
Prof 2,Pharmacology,Respiratory Pharmacology,19
Prof 2,Pharmacology,Previous Year Questions,16
Prof 2,Pharmacology,Drugs in Acid Peptic Disease,16
Prof 2,Pharmacology,Laxatives and Anti-Diarrheal Drugs,16
Prof 2,Pharmacology,GIT Miscellaneous,12
Prof 2,Pharmacology,Previous Year Questions,22
Prof 2,Pharmacology,Cytotoxic drugs,27
Prof 2,Pharmacology,Cell Cycle Specific Cytotoxic Drugs,11
Prof 2,Pharmacology,Targeted Therapy and Monoclonal Antibodies,14
Prof 2,Pharmacology,Previous Year Questions,38
Prof 2,Pharmacology,Anaesthetic Pharmacology,19
Prof 2,Pharmacology,Previous Year Questions,2
Prof 2,Pharmacology,Recent Updates,8
Prof 2,Microbiology,General Microbiology,10
Prof 2,Microbiology,"Scientists, Stains, and Microscopes",20
Prof 2,Microbiology,Bacterial Anatomy,18
Prof 2,Microbiology,Bacterial genetics,8
Prof 2,Microbiology,Culture Media,16
Prof 2,Microbiology,Sterilization and Disinfection,14
Prof 2,Microbiology,Microbiological Diagnostic Techniques,13
Prof 2,Microbiology,Previous Year Questions,45
Prof 2,Microbiology,Staphylococcus & Streptococcus - I,25
Prof 2,Microbiology,Staphylococcus & Streptococcus - II,23
Prof 2,Microbiology,Corynebacterium & Filamentous bacterium,24
Prof 2,Microbiology,Spore Forming Bacteria,34
Prof 2,Microbiology,Mycobacterium,23
Prof 2,Microbiology,Other Mycobacteria,9
Prof 2,Microbiology,"E.coli, shigella and salmonella",25
Prof 2,Microbiology,"Klebsiella, Proteus, Yersinia, Salmonella",19
Prof 2,Microbiology,Vibrio and non-fermenters,24
Prof 2,Microbiology,"Hemophillus, Bordatella, Brucella and Pseudomonas",28
Prof 2,Microbiology,"Syphilis, Chlamydia and Rickettsiae",28
Prof 2,Microbiology,Neisseria: Meningococcus & Gonococcus,13
Prof 2,Microbiology,Miscellaneous bacteria,11
Prof 2,Microbiology,Previous Year Questions,138
Prof 2,Microbiology,Virology - General properties,19
Prof 2,Microbiology,Herpesviridae & other DNA viruses,27
Prof 2,Microbiology,"Parvoviridae, Poxviridae, Adenovirus",12
Prof 2,Microbiology,Hepatitis virus,32
Prof 2,Microbiology,Myxovirus,17
Prof 2,Microbiology,"Picornaviridae, Rhabdoviridae & Arboviridae",12
Prof 2,Microbiology,RNA Virology- Arboviridae and Retroviridae,30
Prof 2,Microbiology,Other RNA viruses and COVID-19,9
Prof 2,Microbiology,Miscellaneous Viruses & Prions,15
Prof 2,Microbiology,Previous Year Questions,86
Prof 2,Microbiology,Introduction to Mycology and its Classification,12
Prof 2,Microbiology,"Superficial and subcutaneous mycosis, and dimorphic fungi",27
Prof 2,Microbiology,Opportunistic infections,21
Prof 2,Microbiology,Previous Year Questions,56
Prof 2,Microbiology,Parasitology - Classification & Amoeba,27
Prof 2,Microbiology,Flagellates & Hemoflagellates,28
Prof 2,Microbiology,"Coccidian parasites, Plasmodium & Babesia",24
Prof 2,Microbiology,Cestodes,19
Prof 2,Microbiology,Trematodes,12
Prof 2,Microbiology,Nematodes,25
Prof 2,Microbiology,"Cestodes, Trematodes & Nematodes",13
Prof 2,Microbiology,Previous Year Questions,74
Prof 2,Microbiology,Immunity,16
Prof 2,Microbiology,Basic & Cellular Immunology,25
Prof 2,Microbiology,"Antigen, antibody and their reactions",22
Prof 2,Microbiology,Hypersensitivity reactions,19
Prof 2,Microbiology,Transplant immunology,10
Prof 2,Microbiology,Primary Immunodeficiency Disorders,11
Prof 2,Microbiology,Previous Year Questions,20
Prof 2,Microbiology,Previous Year Questions,6
Final Prof Part 1,Forensic Medicine,Forensic Identification - I,38
Final Prof Part 1,Forensic Medicine,Forensic Identification - II,25
Final Prof Part 1,Forensic Medicine,Previous Year Questions,29
Final Prof Part 1,Forensic Medicine,BNS Sections - I,19
Final Prof Part 1,Forensic Medicine,BNS Sections - II,20
Final Prof Part 1,Forensic Medicine,Previous Year Questions,3
Final Prof Part 1,Forensic Medicine,Thanatology - I,26
Final Prof Part 1,Forensic Medicine,Thanatology - II,13
Final Prof Part 1,Forensic Medicine,Previous Year Questions,21
Final Prof Part 1,Forensic Medicine,Postmortem autopsy and torture,24
Final Prof Part 1,Forensic Medicine,Previous Year Questions,7
Final Prof Part 1,Forensic Medicine,Mechanical injuries,34
Final Prof Part 1,Forensic Medicine,Regional injuries,16
Final Prof Part 1,Forensic Medicine,Thermal injuries - I (Incl. RTA),23
Final Prof Part 1,Forensic Medicine,Previous Year Questions,35
Final Prof Part 1,Forensic Medicine,Forensic Ballistics- I,25
Final Prof Part 1,Forensic Medicine,Previous Year Questions,6
Final Prof Part 1,Forensic Medicine,Asphyxial Death,51
Final Prof Part 1,Forensic Medicine,Mechanical Asphyxia,25
Final Prof Part 1,Forensic Medicine,Previous Year Questions,9
Final Prof Part 1,Forensic Medicine,Sexual offences & Traces of evidence,24
Final Prof Part 1,Forensic Medicine,Previous Year Questions,6
Final Prof Part 1,Forensic Medicine,Sexual Jurisprudence,22
Final Prof Part 1,Forensic Medicine,Previous Year Questions,21
Final Prof Part 1,Forensic Medicine,Infanticide,10
Final Prof Part 1,Forensic Medicine,General Toxicology,29
Final Prof Part 1,Forensic Medicine,Previous Year Questions,9
Final Prof Part 1,Forensic Medicine,Forensic Toxicology 1,22
Final Prof Part 1,Forensic Medicine,Forensic Toxicology 2,25
Final Prof Part 1,Forensic Medicine,Previous Year Questions,66
Final Prof Part 1,Forensic Medicine,Forensic Psychiatry,11
Final Prof Part 1,Forensic Medicine,Previous Year Questions,4
Final Prof Part 1,Forensic Medicine,Previous Year Questions,9
Final Prof Part 1,Forensic Medicine,Medical Jurisprudence,36
Final Prof Part 1,Forensic Medicine,Previous Year Questions,45
Final Prof Part 1,PSM,Concept of Disease & Well-Being,29
Final Prof Part 1,PSM,"Disease Control, Monitoring and Surveillance",15
Final Prof Part 1,PSM,Health Indicators,14
Final Prof Part 1,PSM,Previous Year Questions,20
Final Prof Part 1,PSM,Basics of Epidemiology,25
Final Prof Part 1,PSM,Study Designs in Epidemology - I,32
Final Prof Part 1,PSM,Study Designs in Epidemology - II,39
Final Prof Part 1,PSM,Bias and confounders,10
Final Prof Part 1,PSM,"Systematic Review, Meta-Analysis, and Evidence-Based Studies",12
Final Prof Part 1,PSM,Previous Year Questions,60
Final Prof Part 1,PSM,"National Immunization Schedule, Delayed immunization, Cold chain",21
Final Prof Part 1,PSM,Vaccines and Open Vial Policy,23
Final Prof Part 1,PSM,Previous Year Questions,35
Final Prof Part 1,PSM,Screening of Diseases - I,24
Final Prof Part 1,PSM,Screening of Diseases - II,9
Final Prof Part 1,PSM,Previous Year Questions,11
Final Prof Part 1,PSM,Infectious Epidemiology,21
Final Prof Part 1,PSM,"Mumps, Measles, Rubella, Pertussis",10
Final Prof Part 1,PSM,"Chicken Pox, Small Pox and Diphtheria",10
Final Prof Part 1,PSM,Acute Respiratory Infection and Tuberculosis,22
Final Prof Part 1,PSM,"Polio, Hepatitis, Diarrhoea, Cholera & Typhoid",12
Final Prof Part 1,PSM,"Enteric Infections, Hepatitis & Parasitic Diseases",27
Final Prof Part 1,PSM,"Dengue, Malaria, and Rabies",16
Final Prof Part 1,PSM,"Filariasis, Leptospirosis, Japanese Encephalitis, and Helminthic Infections",13
Final Prof Part 1,PSM,Vector-Borne Diseases,15
Final Prof Part 1,PSM,"Plague, Tetanus, HIV/AIDS, Rickettsial Disease, Ebola, Nipah and Zika Virus",16
Final Prof Part 1,PSM,Previous Year Questions,100
Final Prof Part 1,PSM,"National health mission RMNCH - A , maternal initiatives, Child and adolescents health initiatives",16
Final Prof Part 1,PSM,NACP global initiatives,15
Final Prof Part 1,PSM,National TB Elimination Program (NTEP),22
Final Prof Part 1,PSM,NVBDCP,26
Final Prof Part 1,PSM,Endgame strategy and national polio surveillance program,6
Final Prof Part 1,PSM,NCDS & NPCDS,12
Final Prof Part 1,PSM,"Blindness control program, NLEP, Health programs misc.",11
Final Prof Part 1,PSM,"National Programs: TB, Leprosy & HIV/AIDS",17
Final Prof Part 1,PSM,Previous Year Questions,56
Final Prof Part 1,PSM,Demography and Health,26
Final Prof Part 1,PSM,Demography & Vital Statistics,13
Final Prof Part 1,PSM,Previous Year Questions,26
Final Prof Part 1,PSM,Family Planning and Contraceptives,28
Final Prof Part 1,PSM,Previous Year Questions,10
Final Prof Part 1,PSM,"Preventive Medicine in Obstetrics, Pediatrics and Geriatrics",25
Final Prof Part 1,PSM,Previous Year Questions,22
Final Prof Part 1,PSM,Macronutrients,15
Final Prof Part 1,PSM,Food Adulteration and Food Fortification,11
Final Prof Part 1,PSM,Micronutrients,16
Final Prof Part 1,PSM,Recommended Dietary Allowances and Nutritional Health Programmes,12
Final Prof Part 1,PSM,Previous Year Questions,39
Final Prof Part 1,PSM,Social Sciences and Health,10
Final Prof Part 1,PSM,Previous Year Questions,10
Final Prof Part 1,PSM,Water II: Disinfection & Chlorination,16
Final Prof Part 1,PSM,Water III: Quality Standards & Testing,1
Final Prof Part 1,PSM,"Air, Light, Sound, and Radiation",18
Final Prof Part 1,PSM,Entomology - I,13
Final Prof Part 1,PSM,Entomology - II,16
Final Prof Part 1,PSM,Entomology - III,22
Final Prof Part 1,PSM,"Sterilization, Disinfection & Infection Control",12
Final Prof Part 1,PSM,Previous Year Questions,36
Final Prof Part 1,PSM,Occupational health,20
Final Prof Part 1,PSM,"ESI Act, Factory Act, NREGA Act and Disaster Management",19
Final Prof Part 1,PSM,Previous Year Questions,33
Final Prof Part 1,PSM,Health Education and Communication,8
Final Prof Part 1,PSM,Previous Year Questions,18
Final Prof Part 1,PSM,Health Planning and Management,9
Final Prof Part 1,PSM,Previous Year Questions,15
Final Prof Part 1,PSM,Healthcare of Community and Health Delivery Systems,19
Final Prof Part 1,PSM,Previous Year Questions,22
Final Prof Part 1,PSM,International health,8
Final Prof Part 1,PSM,Previous Year Questions,5
Final Prof Part 1,PSM,"Descriptive Statistics: Data Types, Probability & Central Tendency",18
Final Prof Part 1,PSM,Biostatistics and Measures of Central Tendency,10
Final Prof Part 1,PSM,"Descriptive Statistics: Distribution, Dispersion & Z-Scores",17
Final Prof Part 1,PSM,"Types of Dispersion, Distribution, and Errors",20
Final Prof Part 1,PSM,Inferential Statistics & Hypothesis Testing,14
Final Prof Part 1,PSM,"Biostatistics: Correlation, Regression & Statistical Tests",9
Final Prof Part 1,PSM,Biostatistics: Sampling Methods & Data Presentation,7
Final Prof Part 1,PSM,"Test of Statistical Significance, Graphical Representation of Data, Sampling and Probability",34
Final Prof Part 1,PSM,Previous Year Questions,57
Final Prof Part 1,PSM,Biomedical waste management and Genetics and Health,24
Final Prof Part 1,PSM,Previous Year Questions,7
Final Prof Part 1,PSM,Previous Year Questions,9
Final Prof Part 1,ENT,"Anatomy of External, Middle, and Internal Ear",24
Final Prof Part 1,ENT,Anatomy of the Middle Ear and Ossicles,14
Final Prof Part 1,ENT,Physiology and Assessment of Hearing - I,23
Final Prof Part 1,ENT,Physiology and Assessment of Hearing - II,7
Final Prof Part 1,ENT,"Vestibular System: Physiology, Assessment, and Associated Diseases",16
Final Prof Part 1,ENT,Middle Ear Diseases: ASOM/SOM,16
Final Prof Part 1,ENT,Cholesteatoma and CSOM,23
Final Prof Part 1,ENT,ASOM and CSOM: Complications,18
Final Prof Part 1,ENT,Otosclerosis,20
Final Prof Part 1,ENT,Meniere's Disease and Glomus Tumor,24
Final Prof Part 1,ENT,Ear Tumors and CPA Lesions,9
Final Prof Part 1,ENT,Facial Nerve Anatomy,5
Final Prof Part 1,ENT,Facial Nerve and Acoustic Neuroma,26
Final Prof Part 1,ENT,Disorders of External Ear and Eustachian Tube,25
Final Prof Part 1,ENT,"Hearing Rehabilitation, Otalgia, and Tinnitus",8
Final Prof Part 1,ENT,Previous Year Questions,105
Final Prof Part 1,ENT,Anatomy of Nose and Paranasal Sinuses - I,18
Final Prof Part 1,ENT,Anatomy of Nose and Paranasal Sinuses - II,12
Final Prof Part 1,ENT,Diseases of the External Nose and Septum,18
Final Prof Part 1,ENT,Rhinitis and CSF Rhinorrhea,22
Final Prof Part 1,ENT,"Granulomatous Lesions, Congenital Anomalies, and Nasal Polyps",27
Final Prof Part 1,ENT,Epistaxis and Facial Trauma - I,21
Final Prof Part 1,ENT,Epistaxis and Facial Trauma - II,6
Final Prof Part 1,ENT,Disorders of Paranasal Sinuses,22
Final Prof Part 1,ENT,Tumors of Nose and Paranasal Sinuses,7
Final Prof Part 1,ENT,Sinusitis and Its Management,12
Final Prof Part 1,ENT,Previous Year Questions,125
Final Prof Part 1,ENT,Anatomy of Pharynx and Pharyngeal Spaces,15
Final Prof Part 1,ENT,Adenoid and Palatine Tonsils,16
Final Prof Part 1,ENT,Diseases of the Tonsils,9
Final Prof Part 1,ENT,JNA and Nasopharyngeal Carcinoma,13
Final Prof Part 1,ENT,"Ludwig's Angina, Pharyngeal Pouch and Abscess related to Pharynx",17
Final Prof Part 1,ENT,Previous Year Questions,32
Final Prof Part 1,ENT,Anatomy and Physiology of Larynx,6
Final Prof Part 1,ENT,Anatomy and Pathology of Larynx,20
Final Prof Part 1,ENT,Voice Pathologies and Congenital Lesions of Larynx,17
Final Prof Part 1,ENT,Laryngeal Paralysis and Laryngeal Carcinoma,18
Final Prof Part 1,ENT,Previous Year Questions,42
Final Prof Part 1,ENT,Miscellaneous,16
Final Prof Part 1,ENT,Previous Year Questions,26
Final Prof Part 1,Ophthalmology,Orbit - I,27
Final Prof Part 1,Ophthalmology,Previous Year Questions,10
Final Prof Part 1,Ophthalmology,Lens and Disorders - I,41
Final Prof Part 1,Ophthalmology,Lens and Disorders - II,8
Final Prof Part 1,Ophthalmology,Previous Year Questions,27
Final Prof Part 1,Ophthalmology,Uvea,23
Final Prof Part 1,Ophthalmology,Anterior and Intermediate Uveitis,9
Final Prof Part 1,Ophthalmology,Infectious Uveitis & Endophthalmitis,5
Final Prof Part 1,Ophthalmology,Previous Year Questions,12
Final Prof Part 1,Ophthalmology,"Glaucoma-PACG, Treatment, Congenital Glaucoma",25
Final Prof Part 1,Ophthalmology,"Glaucoma - POAG, Tonometry, Perimetry",19
Final Prof Part 1,Ophthalmology,Primary and Secondary Glaucoma,11
Final Prof Part 1,Ophthalmology,Previous Year Questions,20
Final Prof Part 1,Ophthalmology,Retinal Investigations and Vascular Disorders,36
Final Prof Part 1,Ophthalmology,Retinal & Vitreous Disorders,10
Final Prof Part 1,Ophthalmology,Macular and Fundus Disorders; Retinal Detachment and Retinoblastoma,20
Final Prof Part 1,Ophthalmology,Previous Year Questions,40
Final Prof Part 1,Ophthalmology,Neuro Ophthalmology,32
Final Prof Part 1,Ophthalmology,Visual Pathway & Pupillary Disorders,1
Final Prof Part 1,Ophthalmology,Previous Year Questions,40
Final Prof Part 1,Ophthalmology,Squint,27
Final Prof Part 1,Ophthalmology,Ocular Motility & Binocular Vision,6
Final Prof Part 1,Ophthalmology,Previous Year Questions,18
Final Prof Part 1,Ophthalmology,Cornea- I,44
Final Prof Part 1,Ophthalmology,Previous Year Questions,38
Final Prof Part 1,Ophthalmology,Conjunctiva - I,26
Final Prof Part 1,Ophthalmology,Conjunctiva - II,6
Final Prof Part 1,Ophthalmology,Previous Year Questions,24
Final Prof Part 1,Ophthalmology,Lids and Disorders - I,18
Final Prof Part 1,Ophthalmology,Previous Year Questions,15
Final Prof Part 1,Ophthalmology,Optics-I,25
Final Prof Part 1,Ophthalmology,Optics-II,18
Final Prof Part 1,Ophthalmology,Previous Year Questions,26
Final Prof Part 1,Ophthalmology,Introduction to Ophthalmology,10
Final Prof Part 1,Ophthalmology,Fundamentals of Ocular Anatomy & Embryology,10
Final Prof Part 1,Ophthalmology,Ocular Physiology & Optics,14
Final Prof Part 1,Ophthalmology,Refractive Errors of the Eye,8
Final Prof Part 1,Ophthalmology,"Astigmatism, Accommodation & Presbyopia",7
Final Prof Part 1,Ophthalmology,Previous Year Questions,23
Final Prof Part 1,Ophthalmology,Sclera,15
Final Prof Part 1,Ophthalmology,Previous Year Questions,6
Final Prof Part 1,Ophthalmology,Lacrimal Drainage System,16
Final Prof Part 1,Ophthalmology,Previous Year Questions,12
Final Prof Part 1,Ophthalmology,Previous Year Questions,6
Final Prof Part 1,Ophthalmology,Ocular Injuries,6
Final Prof Part 1,Ophthalmology,Previous Year Questions,10
Final Prof Part 2 (Major),Gynaecology & Obstetrics,Clinical Anatomy of Female - I,21
Final Prof Part 2 (Major),Gynaecology & Obstetrics,Clinical Anatomy of Female - II,25
Final Prof Part 2 (Major),Gynaecology & Obstetrics,"Pelvis, Perineum and Pelvic diaphragm",16
Final Prof Part 2 (Major),Gynaecology & Obstetrics,Previous Year Questions,11
Final Prof Part 2 (Major),Gynaecology & Obstetrics,Menstrual Physiology,21
Final Prof Part 2 (Major),Gynaecology & Obstetrics,Fetoplacental Physiology,8
Final Prof Part 2 (Major),Gynaecology & Obstetrics,Menstrual Disorders,18
Final Prof Part 2 (Major),Gynaecology & Obstetrics,Previous Year Questions,21
Final Prof Part 2 (Major),Gynaecology & Obstetrics,Vaginitis and Syndromic approach for Vaginal discharge,30
Final Prof Part 2 (Major),Gynaecology & Obstetrics,Vulval Infections and Genital TB,15
Final Prof Part 2 (Major),Gynaecology & Obstetrics,Pelvic Inflammatory Disease,20
Final Prof Part 2 (Major),Gynaecology & Obstetrics,Previous Year Questions,27
Final Prof Part 2 (Major),Gynaecology & Obstetrics,Polycystic Ovarian Syndrome,11
Final Prof Part 2 (Major),Gynaecology & Obstetrics,Fibroids and Polyps,23
Final Prof Part 2 (Major),Gynaecology & Obstetrics,Endometriosis & Adenomyosis,15
Final Prof Part 2 (Major),Gynaecology & Obstetrics,Previous Year Questions,21
Final Prof Part 2 (Major),Gynaecology & Obstetrics,"AUB, Hirsutism and Adnexal Mass",21
Final Prof Part 2 (Major),Gynaecology & Obstetrics,Sexual Differentiation & Puberty,19
Final Prof Part 2 (Major),Gynaecology & Obstetrics,Embryology and Associated Disorders,28
Final Prof Part 2 (Major),Gynaecology & Obstetrics,Previous Year Questions,12
Final Prof Part 2 (Major),Gynaecology & Obstetrics,"Disorders of Puberty, Amenorrhea, Menopause",16
Final Prof Part 2 (Major),Gynaecology & Obstetrics,Previous Year Questions,18
Final Prof Part 2 (Major),Gynaecology & Obstetrics,Infertility - I,22
Final Prof Part 2 (Major),Gynaecology & Obstetrics,Infertility - II,19
Final Prof Part 2 (Major),Gynaecology & Obstetrics,Previous Year Questions,26
Final Prof Part 2 (Major),Gynaecology & Obstetrics,Cervical Carcinoma -I,32
Final Prof Part 2 (Major),Gynaecology & Obstetrics,Cervical Carcinoma -II,21
Final Prof Part 2 (Major),Gynaecology & Obstetrics,Vulval and Vaginal Malignancy,28
Final Prof Part 2 (Major),Gynaecology & Obstetrics,Endometrial Carcinoma,12
Final Prof Part 2 (Major),Gynaecology & Obstetrics,Ovarian Tumors,20
Final Prof Part 2 (Major),Gynaecology & Obstetrics,Previous Year Questions,34
Final Prof Part 2 (Major),Gynaecology & Obstetrics,Pelvic Organ Prolapse,20
Final Prof Part 2 (Major),Gynaecology & Obstetrics,Urinary Incontinence and Fistulas,12
Final Prof Part 2 (Major),Gynaecology & Obstetrics,Previous Year Questions,9
Final Prof Part 2 (Major),Gynaecology & Obstetrics,Contraception,24
Final Prof Part 2 (Major),Gynaecology & Obstetrics,Previous Year Questions,28
Final Prof Part 2 (Major),Gynaecology & Obstetrics,Physiological changes in Pregnancy,18
Final Prof Part 2 (Major),Gynaecology & Obstetrics,Pelvis & Fetal Skull in Obstetrics,12
Final Prof Part 2 (Major),Gynaecology & Obstetrics,Diagnosis of Pregnancy and Antenatal Care,19
Final Prof Part 2 (Major),Gynaecology & Obstetrics,Ultrasound in Pregnancy,15
Final Prof Part 2 (Major),Gynaecology & Obstetrics,Previous Year Questions,43
Final Prof Part 2 (Major),Gynaecology & Obstetrics,Abortions,13
Final Prof Part 2 (Major),Gynaecology & Obstetrics,Ectopic pregnancy,32
Final Prof Part 2 (Major),Gynaecology & Obstetrics,Previous Year Questions,29
Final Prof Part 2 (Major),Gynaecology & Obstetrics,Gestational trophoblastic diseases and Molar pregnancy,18
Final Prof Part 2 (Major),Gynaecology & Obstetrics,Previous Year Questions,9
Final Prof Part 2 (Major),Gynaecology & Obstetrics,Stages of labour,22
Final Prof Part 2 (Major),Gynaecology & Obstetrics,Previous Year Questions,25
Final Prof Part 2 (Major),Gynaecology & Obstetrics,Abnormalities in Labor,22
Final Prof Part 2 (Major),Gynaecology & Obstetrics,Instrumental delivery and induction of labor,17
Final Prof Part 2 (Major),Gynaecology & Obstetrics,Previous Year Questions,26
Final Prof Part 2 (Major),Gynaecology & Obstetrics,Postpartum Hemorrhage,19
Final Prof Part 2 (Major),Gynaecology & Obstetrics,Antepartum Haemorrhage,14
Final Prof Part 2 (Major),Gynaecology & Obstetrics,Post-Partum Hemorrhage,18
Final Prof Part 2 (Major),Gynaecology & Obstetrics,Previous Year Questions,31
Final Prof Part 2 (Major),Gynaecology & Obstetrics,Hypertension in pregnancy,21
Final Prof Part 2 (Major),Gynaecology & Obstetrics,Anemia in Pregnancy,17
Final Prof Part 2 (Major),Gynaecology & Obstetrics,Multifetal Pregnancy,22
Final Prof Part 2 (Major),Gynaecology & Obstetrics,Gestational Diabetes Mellitus,11
Final Prof Part 2 (Major),Gynaecology & Obstetrics,Abnormalities of Placenta and Umbilical Cord,24
Final Prof Part 2 (Major),Gynaecology & Obstetrics,Heart diseases in pregnancy,14
Final Prof Part 2 (Major),Gynaecology & Obstetrics,Amniotic Fluid Abnormalities,10
Final Prof Part 2 (Major),Gynaecology & Obstetrics,Preterm Labor and Post-dated Pregnancy,22
Final Prof Part 2 (Major),Gynaecology & Obstetrics,Hepatic Disorders in Pregnancy,33
Final Prof Part 2 (Major),Gynaecology & Obstetrics,Cesarean Delivery,19
Final Prof Part 2 (Major),Gynaecology & Obstetrics,Previous Year Questions,46
Final Prof Part 2 (Major),Gynaecology & Obstetrics,Puerperium,12
Final Prof Part 2 (Major),Gynaecology & Obstetrics,Previous Year Questions,13
Final Prof Part 2 (Major),Gynaecology & Obstetrics,Rh Isoimmunization,28
Final Prof Part 2 (Major),Gynaecology & Obstetrics,"AUB, Postmenopausal, and Postcoital Bleeding",1
Final Prof Part 2 (Major),Gynaecology & Obstetrics,Previous Year Questions,113
Final Prof Part 2 (Major),Gynaecology & Obstetrics,Previous Year Questions,97
Final Prof Part 2 (Major),Gynaecology & Obstetrics,Instruments in OBG,21
Final Prof Part 2 (Major),Gynaecology & Obstetrics,Recent Updates,6
Final Prof Part 2 (Major),Pediatrics,Neonatal Terminology & Reflexes,17
Final Prof Part 2 (Major),Pediatrics,Neonatology-I,21
Final Prof Part 2 (Major),Pediatrics,Neonatology-II,29
Final Prof Part 2 (Major),Pediatrics,Neonatal Respiratory Disorders & Perinatal Asphyxia,16
Final Prof Part 2 (Major),Pediatrics,Neonatal Resuscitation,14
Final Prof Part 2 (Major),Pediatrics,Previous Year Questions,36
Final Prof Part 2 (Major),Pediatrics,Growth,29
Final Prof Part 2 (Major),Pediatrics,Previous Year Questions,12
Final Prof Part 2 (Major),Pediatrics,"Normal Development, Developmental & Behavioral Disorders",20
Final Prof Part 2 (Major),Pediatrics,Developmental Milestones & Assessment,6
Final Prof Part 2 (Major),Pediatrics,Previous Year Questions,19
Final Prof Part 2 (Major),Pediatrics,Immunization and Vaccines,23
Final Prof Part 2 (Major),Pediatrics,Previous Year Questions,3
Final Prof Part 2 (Major),Pediatrics,Breastmilk & Micronutrients,20
Final Prof Part 2 (Major),Pediatrics,Infant & Child Nutrition,9
Final Prof Part 2 (Major),Pediatrics,Malnutrition,17
Final Prof Part 2 (Major),Pediatrics,Vitamins & Micronutrient Deficiencies,11
Final Prof Part 2 (Major),Pediatrics,Previous Year Questions,35
Final Prof Part 2 (Major),Pediatrics,Puberty Disorders & DSD,4
Final Prof Part 2 (Major),Pediatrics,"Acid-Base Balance, Fluid and Electrolyte Disorders, and IVF",19
Final Prof Part 2 (Major),Pediatrics,Previous Year Questions,14
Final Prof Part 2 (Major),Pediatrics,Genetic Disorders and Syndromes,19
Final Prof Part 2 (Major),Pediatrics,Previous Year Questions,15
Final Prof Part 2 (Major),Pediatrics,Disorders of Carbohydrate and Amino Acid Metabolism,30
Final Prof Part 2 (Major),Pediatrics,Lysosomal Storage Disorders,10
Final Prof Part 2 (Major),Pediatrics,Amino Acid: Inborn Errors of Metabolism,12
Final Prof Part 2 (Major),Pediatrics,Non-Amino Acid: Inborn Errors of Metabolism,10
Final Prof Part 2 (Major),Pediatrics,Previous Year Questions,7
Final Prof Part 2 (Major),Pediatrics,Primary Immunodeficiency and Vasculitis in Children,16
Final Prof Part 2 (Major),Pediatrics,Previous Year Questions,6
Final Prof Part 2 (Major),Pediatrics,Congenital Infections and Bacterial Diseases in Children,20
Final Prof Part 2 (Major),Pediatrics,Viral Infections in Children,8
Final Prof Part 2 (Major),Pediatrics,Viral Diseases & COVID-19 in Children,22
Final Prof Part 2 (Major),Pediatrics,Previous Year Questions,31
Final Prof Part 2 (Major),Pediatrics,Respiratory disorders in the newborn,5
Final Prof Part 2 (Major),Pediatrics,Respiratory Disorders in Children - I,27
Final Prof Part 2 (Major),Pediatrics,Respiratory disorders in Children - II,8
Final Prof Part 2 (Major),Pediatrics,Previous Year Questions,28
Final Prof Part 2 (Major),Pediatrics,Pediatric Cardiology-I,16
Final Prof Part 2 (Major),Pediatrics,Pediatric Cardiology-II,16
Final Prof Part 2 (Major),Pediatrics,Previous Year Questions,21
Final Prof Part 2 (Major),Pediatrics,GIT Disorders in Children,20
Final Prof Part 2 (Major),Pediatrics,Liver Disorders in Children,21
Final Prof Part 2 (Major),Pediatrics,Previous Year Questions,33
Final Prof Part 2 (Major),Pediatrics,Renal Development and Congenital Disorders,19
Final Prof Part 2 (Major),Pediatrics,Renal Disorders,19
Final Prof Part 2 (Major),Pediatrics,Previous Year Questions,15
Final Prof Part 2 (Major),Pediatrics,Adrenal Disorders & Congenital Adrenal Hyperplasia,10
Final Prof Part 2 (Major),Pediatrics,"Pituitary, Thyroid, and Adrenal Disorders",18
Final Prof Part 2 (Major),Pediatrics,Pediatric Endocrinology and Metabolism,18
Final Prof Part 2 (Major),Pediatrics,Previous Year Questions,11
Final Prof Part 2 (Major),Pediatrics,"CNS Malformations, Hydrocephalus, and Seizures in Children",18
Final Prof Part 2 (Major),Pediatrics,CNS Disorders in children,14
Final Prof Part 2 (Major),Pediatrics,Previous Year Questions,21
Final Prof Part 2 (Major),Pediatrics,Musculoskeletal Disorders in Children,30
Final Prof Part 2 (Major),Pediatrics,Previous Year Questions,11
Final Prof Part 2 (Major),Pediatrics,Pediatric Hematology,24
Final Prof Part 2 (Major),Pediatrics,Hematological Malignancies in Children,10
Final Prof Part 2 (Major),Pediatrics,Previous Year Questions,13
Final Prof Part 2 (Major),Pediatrics,Previous Year Questions,1
Final Prof Part 2 (Major),Surgery,Cerebrovascular Diseases,12
Final Prof Part 2 (Major),Surgery,CNS Tumors,17
Final Prof Part 2 (Major),Surgery,Previous Year Questions,22
Final Prof Part 2 (Major),Surgery,Oral Cavity,26
Final Prof Part 2 (Major),Surgery,Salivary Glands,19
Final Prof Part 2 (Major),Surgery,"Neck, Facial Injuries & Abnormalities",25
Final Prof Part 2 (Major),Surgery,Previous Year Questions,35
Final Prof Part 2 (Major),Surgery,Arterial Disorders - I,25
Final Prof Part 2 (Major),Surgery,Arterial Disorders - II,29
Final Prof Part 2 (Major),Surgery,Venous Disorders - I,26
Final Prof Part 2 (Major),Surgery,Venous Disorders - II,17
Final Prof Part 2 (Major),Surgery,Lymphatic System,17
Final Prof Part 2 (Major),Surgery,Thorax and Mediastinum,35
Final Prof Part 2 (Major),Surgery,"Lung, Mediastinum & Pleura",15
Final Prof Part 2 (Major),Surgery,Previous Year Questions,57
Final Prof Part 2 (Major),Surgery,Liver Tumors - I,14
Final Prof Part 2 (Major),Surgery,Portal Hypertension,14
Final Prof Part 2 (Major),Surgery,"Liver Disorders: Portal Hypertension, Vascular & Infections",27
Final Prof Part 2 (Major),Surgery,Gall Bladder - I,30
Final Prof Part 2 (Major),Surgery,Gall Bladder - II,20
Final Prof Part 2 (Major),Surgery,Bile Duct,23
Final Prof Part 2 (Major),Surgery,Pancreatic Tumors - I,23
Final Prof Part 2 (Major),Surgery,Pancreatic Tumors - II,15
Final Prof Part 2 (Major),Surgery,Previous Year Questions,73
Final Prof Part 2 (Major),Surgery,Esophagus - I,25
Final Prof Part 2 (Major),Surgery,Esophagus - II,31
Final Prof Part 2 (Major),Surgery,Stomach-I,30
Final Prof Part 2 (Major),Surgery,Stomach-II,32
Final Prof Part 2 (Major),Surgery,Bariatric Surgery,11
Final Prof Part 2 (Major),Surgery,Peritoneum,10
Final Prof Part 2 (Major),Surgery,Small Intestine - I,25
Final Prof Part 2 (Major),Surgery,Small Intestine - II,15
Final Prof Part 2 (Major),Surgery,Intestinal Obstruction,11
Final Prof Part 2 (Major),Surgery,Large Intestine-I,27
Final Prof Part 2 (Major),Surgery,Large Intestine-II,28
Final Prof Part 2 (Major),Surgery,"Colorectal Neoplasia: Polyps, Syndromes & Carcinoma",25
Final Prof Part 2 (Major),Surgery,"Ileostomy, Colostomy, and IBD",24
Final Prof Part 2 (Major),Surgery,Appendix,30
Final Prof Part 2 (Major),Surgery,Rectum and Anal Canal - I,26
Final Prof Part 2 (Major),Surgery,Rectum and Anal Canal - II,36
Final Prof Part 2 (Major),Surgery,Hernia - I,26
Final Prof Part 2 (Major),Surgery,Hernia - II,23
Final Prof Part 2 (Major),Surgery,Spleen,10
Final Prof Part 2 (Major),Surgery,Previous Year Questions,196
Final Prof Part 2 (Major),Surgery,"Renal Stones, Infections Disorders of Kidney, Hydronephrosis, and Genitourinary Tuberculosis",18
Final Prof Part 2 (Major),Surgery,⁠Renal Tumors and Renal Congenital Abnormalities,20
Final Prof Part 2 (Major),Surgery,Urinary Bladder,20
Final Prof Part 2 (Major),Surgery,Prostate and Seminal Vesicles,12
Final Prof Part 2 (Major),Surgery,Urethra and Penis,20
Final Prof Part 2 (Major),Surgery,Testis and Scrotum,20
Final Prof Part 2 (Major),Surgery,Previous Year Questions,105
Final Prof Part 2 (Major),Surgery,Breast-I,34
Final Prof Part 2 (Major),Surgery,Breast-II,27
Final Prof Part 2 (Major),Surgery,Breast - III,24
Final Prof Part 2 (Major),Surgery,Thyroid-I,21
Final Prof Part 2 (Major),Surgery,Thyroid-II,21
Final Prof Part 2 (Major),Surgery,Thyroid-III,20
Final Prof Part 2 (Major),Surgery,Parathyroid and Adrenal Glands - I,21
Final Prof Part 2 (Major),Surgery,Parathyroid and Adrenal Glands - II,17
Final Prof Part 2 (Major),Surgery,Previous Year Questions,71
Final Prof Part 2 (Major),Surgery,Burns,20
Final Prof Part 2 (Major),Surgery,⁠Plastic Surgery and Skin Lesions,30
Final Prof Part 2 (Major),Surgery,Wound Healing,13
Final Prof Part 2 (Major),Surgery,Previous Year Questions,24
Final Prof Part 2 (Major),Surgery,Oncology,13
Final Prof Part 2 (Major),Surgery,Skin Tumors: Benign & Malignant,26
Final Prof Part 2 (Major),Surgery,Previous Year Questions,17
Final Prof Part 2 (Major),Surgery,Trauma ATLS Protocol,27
Final Prof Part 2 (Major),Surgery,"General Surgery, Robotic, Laparoscopic, and Bariatric Surgeries",30
Final Prof Part 2 (Major),Surgery,"Injuries to the Head, Neck, and Thorax",33
Final Prof Part 2 (Major),Surgery,Abdominal Trauma,26
Final Prof Part 2 (Major),Surgery,Transplantation,28
Final Prof Part 2 (Major),Surgery,"Nutrition, Sutures, and Anastomosis",25
Final Prof Part 2 (Major),Surgery,⁠Shock,16
Final Prof Part 2 (Major),Surgery,"⁠Tubes, Catheters, and Drains",11
Final Prof Part 2 (Major),Surgery,Instruments,32
Final Prof Part 2 (Major),Surgery,⁠Pediatric Surgery,25
Final Prof Part 2 (Major),Surgery,Previous Year Questions - Part 1,150
Final Prof Part 2 (Major),Surgery,Previous Year Questions - Part 2,50
Final Prof Part 2 (Major),Surgery,Previous Year Questions - Part 3,73
Final Prof Part 2 (Major),Medicine,Valvular Heart Disease,24
Final Prof Part 2 (Major),Medicine,Heart Sounds and Murmurs,25
Final Prof Part 2 (Major),Medicine,"Takotsubo, Brugada syndrome, RHD, and Infective Endocarditis",31
Final Prof Part 2 (Major),Medicine,ECG and Arrhythmias,21
Final Prof Part 2 (Major),Medicine,Ischemic Heart Disease,28
Final Prof Part 2 (Major),Medicine,Systemic HTN & Pulmonary HTN,17
Final Prof Part 2 (Major),Medicine,"CHF, BBB, Tachycardia, Bradycardia, and Heart Block",18
Final Prof Part 2 (Major),Medicine,Diseases of the Pericardium and Cardiomyopathies,23
Final Prof Part 2 (Major),Medicine,Aortic & Peripheral Vascular Diseases,11
Final Prof Part 2 (Major),Medicine,Previous Year Questions,148
Final Prof Part 2 (Major),Medicine,"Emergency Cardiovascular Care Protocols (BCLS, ACLS, Mechanical ventilation) and Causes of Pulseless Electrical Activity",14
Final Prof Part 2 (Major),Medicine,"Massive Transfusion Protocol, ARDS, Snakebite, AHA updates, Altitude Sickness",18
Final Prof Part 2 (Major),Medicine,Previous Year Questions,13
Final Prof Part 2 (Major),Medicine,Endocrine Physiology: Hormones & Their Mechanisms,13
Final Prof Part 2 (Major),Medicine,Diabetes Mellitus-I,19
Final Prof Part 2 (Major),Medicine,Diabetes Mellitus-II,19
Final Prof Part 2 (Major),Medicine,Diabetes Mellitus-III,21
Final Prof Part 2 (Major),Medicine,Diabetes Mellitus-IV,22
Final Prof Part 2 (Major),Medicine,"DKA and Hyperosmolar Coma, Pancreatic Neuroendocrine Tumors",18
Final Prof Part 2 (Major),Medicine,Disorders of Adrenal Gland and Cushing Syndrome - I,21
Final Prof Part 2 (Major),Medicine,Disorders of Adrenal Gland and Cushing Syndrome - II,30
Final Prof Part 2 (Major),Medicine,Diseases of Thyroid,36
Final Prof Part 2 (Major),Medicine,Disorders of Parathyroid Gland and MEN Syndromes,32
Final Prof Part 2 (Major),Medicine,Diseases of Anterior Pituitary,32
Final Prof Part 2 (Major),Medicine,Diseases of Posterior Pituitary & DI,11
Final Prof Part 2 (Major),Medicine,Pheochromocytoma & MEN Syndrome,22
Final Prof Part 2 (Major),Medicine,Disorders of Sexual Development & Hypogonadism,14
Final Prof Part 2 (Major),Medicine,Obesity & Appetite Regulation,13
Final Prof Part 2 (Major),Medicine,Previous Year Questions,97
Final Prof Part 2 (Major),Medicine,Disorders of Electrolyte Imbalance,15
Final Prof Part 2 (Major),Medicine,Electrolyte Imbalance,30
Final Prof Part 2 (Major),Medicine,"Ciliopathies, PKD, TTP",13
Final Prof Part 2 (Major),Medicine,Kidney Urine Analysis,13
Final Prof Part 2 (Major),Medicine,"AKI, Diabetic Nephropathy, Renal Stones",22
Final Prof Part 2 (Major),Medicine,Chronic Kidney Disease,18
Final Prof Part 2 (Major),Medicine,Renal Tubular Acidosis and Renal Artery Stenosis,12
Final Prof Part 2 (Major),Medicine,Nephrotic and Nephritic Syndromes,15
Final Prof Part 2 (Major),Medicine,Dialysis & Renal Transplantation,20
Final Prof Part 2 (Major),Medicine,Previous Year Questions,46
Final Prof Part 2 (Major),Medicine,Zollinger Ellison Syndrome,4
Final Prof Part 2 (Major),Medicine,Inflammatory Bowel Disease-I,34
Final Prof Part 2 (Major),Medicine,Inflammatory Bowel Disease-II,7
Final Prof Part 2 (Major),Medicine,Irritable Bowel Syndrome,18
Final Prof Part 2 (Major),Medicine,Peptic Ulcer and Gastrointestinal Bleeding,14
Final Prof Part 2 (Major),Medicine,Diarrhea & Malabsorption Syndromes - I,25
Final Prof Part 2 (Major),Medicine,Diarrhea & Malabsorption Syndromes - II,20
Final Prof Part 2 (Major),Medicine,"Gastric Disorders: Ménétrier Disease, MALT Lymphoma & Others",12
Final Prof Part 2 (Major),Medicine,Previous Year Questions,20
Final Prof Part 2 (Major),Medicine,Megaloblastic Anemia (Vitamin B12 & Folate Deficiency),17
Final Prof Part 2 (Major),Medicine,Hemolytic Anemias (Intrinsic & Extrinsic Disorders),20
Final Prof Part 2 (Major),Medicine,Chronic Lymphocytic Leukemia,13
Final Prof Part 2 (Major),Medicine,Chronic Myeloid Leukemia,11
Final Prof Part 2 (Major),Medicine,Acute Myeloid Leukemia,10
Final Prof Part 2 (Major),Medicine,Acute Lymphocytic Leukemia,9
Final Prof Part 2 (Major),Medicine,Multiple Myeloma & Plasma cell disorders,12
Final Prof Part 2 (Major),Medicine,Hodgkin's and Non-Hodgkin's Lymphoma,18
Final Prof Part 2 (Major),Medicine,Thalassemia and Hereditary Spherocytosis,12
Final Prof Part 2 (Major),Medicine,"Sickle cell disease, G6PD deficiency, and other Hemolytic anemias",21
Final Prof Part 2 (Major),Medicine,Platelet disorders and hematology images,24
Final Prof Part 2 (Major),Medicine,Blood components and Complications of blood transfusion,20
Final Prof Part 2 (Major),Medicine,Previous Year Questions,33
Final Prof Part 2 (Major),Medicine,Neurological Examination & Coma Assessment,15
Final Prof Part 2 (Major),Medicine,Epilepsy and EEG,25
Final Prof Part 2 (Major),Medicine,"Basics of Cranial nerves, Mechanical thrombectomy, Stroke",28
Final Prof Part 2 (Major),Medicine,"Stroke, TIA and image based questions",29
Final Prof Part 2 (Major),Medicine,"Peripheral Neuropathy: Types, Causes & Management",15
Final Prof Part 2 (Major),Medicine,Guillian Barre Syndrome and Alzheimer's disease,14
Final Prof Part 2 (Major),Medicine,"Syringomelia, conus medullaris, channelopathies and SAH",21
Final Prof Part 2 (Major),Medicine,Myasthenia Gravis,10
Final Prof Part 2 (Major),Medicine,"Multiple sclerosis, neuromyelitis optica spectrum disorder, and ALS",20
Final Prof Part 2 (Major),Medicine,CNS hemorrhage; Headaches and Migraine,21
Final Prof Part 2 (Major),Medicine,Parkinsonism and Parkinson's disease,19
Final Prof Part 2 (Major),Medicine,Motor Neuron & Ataxia Syndromes,9
Final Prof Part 2 (Major),Medicine,Cranial Nerve Neuralgias & Facial Palsy,15
Final Prof Part 2 (Major),Medicine,Meningitis and CNS infections,24
Final Prof Part 2 (Major),Medicine,"Intracranial Pathologies: ICP, Brain Death, Tumors, and Neurocysticercosis",23
Final Prof Part 2 (Major),Medicine,Previous Year Questions,100
Final Prof Part 2 (Major),Medicine,Vasculitis Syndromes - I,15
Final Prof Part 2 (Major),Medicine,Vasculitis Syndromes - II,15
Final Prof Part 2 (Major),Medicine,SLE & Anti phospholipid syndrome,14
Final Prof Part 2 (Major),Medicine,Rheumatoid arthritis,11
Final Prof Part 2 (Major),Medicine,Crystal Arthropathy,10
Final Prof Part 2 (Major),Medicine,Scleroderma and Sjogren syndrome,12
Final Prof Part 2 (Major),Medicine,Dermatomyositis and Related Disorders,13
Final Prof Part 2 (Major),Medicine,Autoimmune and Inflammatory Diseases in Medicine,16
Final Prof Part 2 (Major),Medicine,Previous Year Questions,41
Final Prof Part 2 (Major),Medicine,"Viral Hepatitis, NAFLD, ALI - I",27
Final Prof Part 2 (Major),Medicine,"Viral Hepatitis, NAFLD, ALI - II",19
Final Prof Part 2 (Major),Medicine,Hepatorenal and hepatopulmonary syndrome and alcoholic hepatitits,16
Final Prof Part 2 (Major),Medicine,"Autoimmune Liver Disease, Cholestasis & Hepatotoxicity",23
Final Prof Part 2 (Major),Medicine,Liver Cirrhosis and its Complications,21
Final Prof Part 2 (Major),Medicine,Wilson disease and Hemochromatosis,13
Final Prof Part 2 (Major),Medicine,Liver Function Tests & Jaundice,23
Final Prof Part 2 (Major),Medicine,Acute Liver Failure & Liver Transplantation,18
Final Prof Part 2 (Major),Medicine,Previous Year Questions,23
Final Prof Part 2 (Major),Medicine,Cystic Fibrosis; Obstructive sleep apnea,16
Final Prof Part 2 (Major),Medicine,"Pulmonary Embolism, DVT and Fat Embolism",15
Final Prof Part 2 (Major),Medicine,Bronchiectasis & Pneumonia,20
Final Prof Part 2 (Major),Medicine,Bronchial asthma and COPD,28
Final Prof Part 2 (Major),Medicine,Tuberculosis,16
Final Prof Part 2 (Major),Medicine,Respiratory Physiology and Failure,8
Final Prof Part 2 (Major),Medicine,"Interstitial lung disease, Pulmonary alveolar Protienosis & Pneumoconiosis",13
Final Prof Part 2 (Major),Medicine,Pleural effusion and pneumothorax,17
Final Prof Part 2 (Major),Medicine,ABG analysis - I,22
Final Prof Part 2 (Major),Medicine,ABG analysis - II,17
Final Prof Part 2 (Major),Medicine,Lung Tumours,13
Final Prof Part 2 (Major),Medicine,Images in Pulmonology,11
Final Prof Part 2 (Major),Medicine,Previous Year Questions,91
Final Prof Part 2 (Major),Medicine,"PUO, Dengue, Nipah, Zika, and Pneumocystis jirovecii",15
Final Prof Part 2 (Major),Medicine,"Aspergillosis, AIDS, and COVID-19",21
Final Prof Part 2 (Major),Medicine,"COVID-19: Diagnosis, Testing & Severity Assessment",24
Final Prof Part 2 (Major),Medicine,"COVID-19: Management, Prevention & Complications",26
Final Prof Part 2 (Major),Medicine,Previous Year Questions,36
Final Prof Part 2 (Major),Medicine,General Physical Examination & Clinical Signs,15
Final Prof Part 2 (Major),Medicine,Previous Year Questions,22
Final Prof Part 2 (Major),Medicine,Recent Updates,8
Final Prof Part 2 (Minor),Radiology,Basics of Radiology,25
Final Prof Part 2 (Minor),Radiology,"Basics of USG, MRI and Interventional Radiology",30
Final Prof Part 2 (Minor),Radiology,"Radiation Exposure, Hazards, Protection Guidelines, and Contrast Media",13
Final Prof Part 2 (Minor),Radiology,Basics of X-ray and CT,13
Final Prof Part 2 (Minor),Radiology,Previous Year Questions,23
Final Prof Part 2 (Minor),Radiology,Musculoskeletal Radiology - I,26
Final Prof Part 2 (Minor),Radiology,Musculoskeletal Radiology - II,23
Final Prof Part 2 (Minor),Radiology,Previous Year Questions,11
Final Prof Part 2 (Minor),Radiology,Respiratory Radiology - I,43
Final Prof Part 2 (Minor),Radiology,Respiratory Radiology - II,13
Final Prof Part 2 (Minor),Radiology,Previous Year Questions,42
Final Prof Part 2 (Minor),Radiology,CVS Radiology,35
Final Prof Part 2 (Minor),Radiology,Previous Year Questions,3
Final Prof Part 2 (Minor),Radiology,Neuroradiology-I,23
Final Prof Part 2 (Minor),Radiology,Neuroradiology-II,23
Final Prof Part 2 (Minor),Radiology,Neuroradiology-III,17
Final Prof Part 2 (Minor),Radiology,Neuroradiology-IV,26
Final Prof Part 2 (Minor),Radiology,Previous Year Questions,6
Final Prof Part 2 (Minor),Radiology,GIT Radiology-I,19
Final Prof Part 2 (Minor),Radiology,Previous Year Questions,29
Final Prof Part 2 (Minor),Radiology,Hepatobiliary and Pancreatic Radiology,36
Final Prof Part 2 (Minor),Radiology,Previous Year Questions,4
Final Prof Part 2 (Minor),Radiology,"Obstetrics, Gynaecology, and Breast Imaging",21
Final Prof Part 2 (Minor),Radiology,Previous Year Questions,6
Final Prof Part 2 (Minor),Radiology,Nuclear Medicine and Radiotherapy,23
Final Prof Part 2 (Minor),Radiology,Previous Year Questions,12
Final Prof Part 2 (Minor),Radiology,Head and Neck Radiology,19
Final Prof Part 2 (Minor),Radiology,Previous Year Questions,22
Final Prof Part 2 (Minor),Radiology,Genitourinary Radiology,26
Final Prof Part 2 (Minor),Radiology,Nephroradiology,22
Final Prof Part 2 (Minor),Radiology,Previous Year Questions,12
Final Prof Part 2 (Minor),Anaesthesia,Introduction and PAC,14
Final Prof Part 2 (Minor),Anaesthesia,Previous Year Questions,13
Final Prof Part 2 (Minor),Anaesthesia,Local Anaesthetics - I,13
Final Prof Part 2 (Minor),Anaesthesia,Previous Year Questions,10
Final Prof Part 2 (Minor),Anaesthesia,"Regional Anaesthesia: Spinal, Epidural And Caudal",33
Final Prof Part 2 (Minor),Anaesthesia,Previous Year Questions,9
Final Prof Part 2 (Minor),Anaesthesia,Muscle Relaxants,15
Final Prof Part 2 (Minor),Anaesthesia,Nerve blocks,16
Final Prof Part 2 (Minor),Anaesthesia,Previous Year Questions,7
Final Prof Part 2 (Minor),Anaesthesia,Intravenous Anaesthetic Agents - I,21
Final Prof Part 2 (Minor),Anaesthesia,Previous Year Questions,5
Final Prof Part 2 (Minor),Anaesthesia,Inhalational Anaesthetics,20
Final Prof Part 2 (Minor),Anaesthesia,Previous Year Questions,4
Final Prof Part 2 (Minor),Anaesthesia,Previous Year Questions,15
Final Prof Part 2 (Minor),Anaesthesia,Anaesthesia for Special Conditions and Fluid Management,13
Final Prof Part 2 (Minor),Anaesthesia,Previous Year Questions,21
Final Prof Part 2 (Minor),Anaesthesia,Monitoring during anaesthesia - I,11
Final Prof Part 2 (Minor),Anaesthesia,Previous Year Questions,6
Final Prof Part 2 (Minor),Anaesthesia,CPCR,15
Final Prof Part 2 (Minor),Anaesthesia,Previous Year Questions,23
Final Prof Part 2 (Minor),Anaesthesia,Anaesthesia Machine,18
Final Prof Part 2 (Minor),Anaesthesia,Previous Year Questions,9
Final Prof Part 2 (Minor),Anaesthesia,Oxygen Delivering Systems - I,19
Final Prof Part 2 (Minor),Anaesthesia,Difficult airway management and Ventilators,13
Final Prof Part 2 (Minor),Anaesthesia,Previous Year Questions,28
Final Prof Part 2 (Minor),Anaesthesia,Pain management,8
Final Prof Part 2 (Minor),Anaesthesia,Brain death,8
Final Prof Part 2 (Minor),Anaesthesia,Previous Year Questions,5
Final Prof Part 2 (Minor),Anaesthesia,Previous Year Questions,6
Final Prof Part 2 (Minor),Orthopaedics,General Principles of Fractures,14
Final Prof Part 2 (Minor),Orthopaedics,Complications of Fractures,27
Final Prof Part 2 (Minor),Orthopaedics,Previous Year Questions,7
Final Prof Part 2 (Minor),Orthopaedics,Upper Limb Trauma-I,42
Final Prof Part 2 (Minor),Orthopaedics,Upper Limb Trauma-II & Congenital Torticollis,25
Final Prof Part 2 (Minor),Orthopaedics,Previous Year Questions,37
Final Prof Part 2 (Minor),Orthopaedics,Injuries of the Hip Joint,8
Final Prof Part 2 (Minor),Orthopaedics,Femur Fractures,17
Final Prof Part 2 (Minor),Orthopaedics,"Spine, Pelvis, and Lower Limb Traumatology-I",23
Final Prof Part 2 (Minor),Orthopaedics,"Spine, Pelvis, and Lower Limb Traumatology-II",20
Final Prof Part 2 (Minor),Orthopaedics,Previous Year Questions,61
Final Prof Part 2 (Minor),Orthopaedics,Degenerative Disorders of the Spine,15
Final Prof Part 2 (Minor),Orthopaedics,Previous Year Questions,8
Final Prof Part 2 (Minor),Orthopaedics,Bone and Joint Infections - I,27
Final Prof Part 2 (Minor),Orthopaedics,Bone and Joint Infections - II,10
Final Prof Part 2 (Minor),Orthopaedics,Previous Year Questions,6
Final Prof Part 2 (Minor),Orthopaedics,TB of Bone,11
Final Prof Part 2 (Minor),Orthopaedics,Previous Year Questions,3
Final Prof Part 2 (Minor),Orthopaedics,Metabolic Disorders in Orthopedics - I,32
Final Prof Part 2 (Minor),Orthopaedics,Metabolic Disorders in Orthopedics - II,12
Final Prof Part 2 (Minor),Orthopaedics,Previous Year Questions,12
Final Prof Part 2 (Minor),Orthopaedics,Pediatric Orthopedics,29
Final Prof Part 2 (Minor),Orthopaedics,Pediatric metabolic bone disorders,10
Final Prof Part 2 (Minor),Orthopaedics,Previous Year Questions,10
Final Prof Part 2 (Minor),Orthopaedics,Arthritis,17
Final Prof Part 2 (Minor),Orthopaedics,Previous Year Questions,11
Final Prof Part 2 (Minor),Orthopaedics,Peripheral Nerve Injuries - I,16
Final Prof Part 2 (Minor),Orthopaedics,Peripheral Nerve Injuries - II,9
Final Prof Part 2 (Minor),Orthopaedics,Previous Year Questions,12
Final Prof Part 2 (Minor),Orthopaedics,Bone Tumours,25
Final Prof Part 2 (Minor),Orthopaedics,Malignant Bone Tumours,21
Final Prof Part 2 (Minor),Orthopaedics,Previous Year Questions,21
Final Prof Part 2 (Minor),Orthopaedics,Orthopedic Disorders and Instruments - I,24
Final Prof Part 2 (Minor),Orthopaedics,Previous Year Questions,1
Final Prof Part 2 (Minor),Orthopaedics,Sports Injuries,15
Final Prof Part 2 (Minor),Orthopaedics,Previous Year Questions,7
Final Prof Part 2 (Minor),Orthopaedics,Bone and Imaging-I,16
Final Prof Part 2 (Minor),Orthopaedics,Bone and Imaging-II,17
Final Prof Part 2 (Minor),Orthopaedics,Previous Year Questions,7
Final Prof Part 2 (Minor),Orthopaedics,Miscellaneous Topics in Orthopedics,21
Final Prof Part 2 (Minor),Orthopaedics,Previous Year Questions,14
Final Prof Part 2 (Minor),Psychiatry,Organic Psychiatric Disorders,12
Final Prof Part 2 (Minor),Psychiatry,Basics of Psychiatry.,25
Final Prof Part 2 (Minor),Psychiatry,"Psychopathology: Thought, Perception & Cognition",8
Final Prof Part 2 (Minor),Psychiatry,Psychological Assessment & Personality Traits,6
Final Prof Part 2 (Minor),Psychiatry,Psychiatric Treatment Modalities,19
Final Prof Part 2 (Minor),Psychiatry,Previous Year Questions,6
Final Prof Part 2 (Minor),Psychiatry,Schizophrenia & Other Psychotic disorders - I,23
Final Prof Part 2 (Minor),Psychiatry,Schizophrenia & Other Psychotic disorders - II,28
Final Prof Part 2 (Minor),Psychiatry,Previous Year Questions,24
Final Prof Part 2 (Minor),Psychiatry,Mood disorders,32
Final Prof Part 2 (Minor),Psychiatry,Depressive Disorders & Antidepressants,28
Final Prof Part 2 (Minor),Psychiatry,Mania and Bipolar Disorders,13
Final Prof Part 2 (Minor),Psychiatry,Previous Year Questions,41
Final Prof Part 2 (Minor),Psychiatry,"Neurotic, stress related, Obsessive compulsive and related disorders",14
Final Prof Part 2 (Minor),Psychiatry,Anxiety Disorders,13
Final Prof Part 2 (Minor),Psychiatry,Previous Year Questions,21
Final Prof Part 2 (Minor),Psychiatry,Substance use and addictive disorders,28
Final Prof Part 2 (Minor),Psychiatry,Alcohol & Substance Use Disorders,12
Final Prof Part 2 (Minor),Psychiatry,Previous Year Questions,34
Final Prof Part 2 (Minor),Psychiatry,Child Psychiatry,19
Final Prof Part 2 (Minor),Psychiatry,Childhood Attachment & Behavioral Disorders,7
Final Prof Part 2 (Minor),Psychiatry,Previous Year Questions,12
Final Prof Part 2 (Minor),Psychiatry,Delirium & Dementia - I,17
Final Prof Part 2 (Minor),Psychiatry,Delirium & Dementia - II,26
Final Prof Part 2 (Minor),Psychiatry,Amnestic & Neurocognitive Disorders,7
Final Prof Part 2 (Minor),Psychiatry,Previous Year Questions,5
Final Prof Part 2 (Minor),Psychiatry,Sleep Disorders,26
Final Prof Part 2 (Minor),Psychiatry,Previous Year Questions,4
Final Prof Part 2 (Minor),Psychiatry,Sexual Disorders,8
Final Prof Part 2 (Minor),Psychiatry,Previous Year Questions,6
Final Prof Part 2 (Minor),Psychiatry,Eating disorders,18
Final Prof Part 2 (Minor),Psychiatry,Previous Year Questions,5
Final Prof Part 2 (Minor),Psychiatry,Personality Disorders,12
Final Prof Part 2 (Minor),Psychiatry,Previous Year Questions,8
Final Prof Part 2 (Minor),Psychiatry,Forensic Psychiatry - I,9
Final Prof Part 2 (Minor),Psychiatry,Forensic Psychiatry - II,5
Final Prof Part 2 (Minor),Psychiatry,Previous Year Questions,6
Final Prof Part 2 (Minor),Psychiatry,Psychology,29
Final Prof Part 2 (Minor),Psychiatry,Previous Year Questions,4
Final Prof Part 2 (Minor),Psychiatry,Somatic Symptom and Related Disorders,17
Final Prof Part 2 (Minor),Psychiatry,Previous Year Questions,6
Final Prof Part 2 (Minor),Dermatology,Basics of Dermatology,10
Final Prof Part 2 (Minor),Dermatology,Skin Structure and Function,21
Final Prof Part 2 (Minor),Dermatology,Histopathology of skin lesions,8
Final Prof Part 2 (Minor),Dermatology,Skin Lesions in Dermatology,7
Final Prof Part 2 (Minor),Dermatology,Morphology and Investigations of Skin Lesions,18
Final Prof Part 2 (Minor),Dermatology,Hair and Nail disorders,50
Final Prof Part 2 (Minor),Dermatology,"Acne, Rosacea and Acneiform disorders",13
Final Prof Part 2 (Minor),Dermatology,Disorders of Glands,12
Final Prof Part 2 (Minor),Dermatology,Previous Year Questions,19
Final Prof Part 2 (Minor),Dermatology,Pigmentary disorders - I,48
Final Prof Part 2 (Minor),Dermatology,Pigmentary disorders - II,28
Final Prof Part 2 (Minor),Dermatology,Previous Year Questions,10
Final Prof Part 2 (Minor),Dermatology,Eczema,13
Final Prof Part 2 (Minor),Dermatology,Dermatitis,13
Final Prof Part 2 (Minor),Dermatology,Previous Year Questions,3
Final Prof Part 2 (Minor),Dermatology,Papulosquamous Disorders,24
Final Prof Part 2 (Minor),Dermatology,Psoriasis,8
Final Prof Part 2 (Minor),Dermatology,Previous Year Questions,22
Final Prof Part 2 (Minor),Dermatology,Immunobullous disorders,22
Final Prof Part 2 (Minor),Dermatology,Vesiculobullous Disorders,10
Final Prof Part 2 (Minor),Dermatology,Previous Year Questions,8
Final Prof Part 2 (Minor),Dermatology,Cutaneous tuberculosis,10
Final Prof Part 2 (Minor),Dermatology,Leprosy,10
Final Prof Part 2 (Minor),Dermatology,Clinical aspects of Mycobacterial Infections,12
Final Prof Part 2 (Minor),Dermatology,Previous Year Questions,11
Final Prof Part 2 (Minor),Dermatology,Bacterial Infections,21
Final Prof Part 2 (Minor),Dermatology,Previous Year Questions,5
Final Prof Part 2 (Minor),Dermatology,Viral infections,17
Final Prof Part 2 (Minor),Dermatology,Previous Year Questions,8
Final Prof Part 2 (Minor),Dermatology,Fungal Infections - I,13
Final Prof Part 2 (Minor),Dermatology,Fungal Infections - II,18
Final Prof Part 2 (Minor),Dermatology,Previous Year Questions,6
Final Prof Part 2 (Minor),Dermatology,Parasitic infestations of skin,23
Final Prof Part 2 (Minor),Dermatology,Previous Year Questions,5
Final Prof Part 2 (Minor),Dermatology,Syphilis,14
Final Prof Part 2 (Minor),Dermatology,Non Syphilitic STD- I,17
Final Prof Part 2 (Minor),Dermatology,Non Syphilitic STD- II,15
Final Prof Part 2 (Minor),Dermatology,Previous Year Questions,17
Final Prof Part 2 (Minor),Dermatology,Connective tissue disorders,9
Final Prof Part 2 (Minor),Dermatology,Previous Year Questions,5
Final Prof Part 2 (Minor),Dermatology,Systemic diseases and skin - I,15
Final Prof Part 2 (Minor),Dermatology,Previous Year Questions,8
Final Prof Part 2 (Minor),Dermatology,"Adverse Drug Reactions, Pediatric Dermatoses, Urticaria and Angioedema",24
Final Prof Part 2 (Minor),Dermatology,"Genodermatoses, Vector-Borne Diseases, Bedside Tests in Dermatology",10
Final Prof Part 2 (Minor),Dermatology,Previous Year Questions,39
Final Prof Part 2 (Minor),Dermatology,Skin Tumors,31
Final Prof Part 2 (Minor),Dermatology,Previous Year Questions,7